battle_id,preference,system_a,system_b,tj_a,tj_b,tj_pred,agree
043e5f45-aa7e-418b-b0a2-85e8c6ea6c85,B,elevenlabs-music-v1,sonauto-v2-2,0.45805010199546814,0.5478468537330627,B,True
04bbcc8f-0a6e-41d9-8995-2de77e739d97,B,elevenlabs-music-v1,lyria-3-30s,0.8389497399330139,1.4712533950805664,B,True
04cb4e68-804f-4f7d-9b73-ffcf4fbbb717,B,sonauto-v2-2,musicgen-medium,0.8113093972206116,-0.15162616968154907,A,False
05651cb6-d2f5-4488-b6fa-61d3ffaa5af2,A,lyria-3-30s,sonauto-v2-2,0.9550362229347229,1.1794853210449219,B,False
05b10efc-4bbe-4f6c-aa93-6edd44adda5c,A,sonauto-v2-2,elevenlabs-music-v1,1.350867509841919,1.0160338878631592,A,True
06caadec-5139-45fd-b1ca-6c9724673010,B,sonauto-v2-2,sonauto-v3-preview,2.2969183921813965,0.49963489174842834,A,False
074373d8-3c98-4fc9-8d51-df3ad0aee01c,A,riffusion-fuzz-1-0,elevenlabs-music-v1,0.19870424270629883,0.38437196612358093,B,False
08e833cc-6c35-43fd-bd91-356f0e341a5b,A,elevenlabs-music-v1,sonauto-v2-2,0.6665894389152527,0.9512176513671875,B,False
0f07824b-b59f-4610-8cda-707dd3978b3e,B,magenta-rt-large,lyria-3-30s,1.306862711906433,2.2739579677581787,B,True
144d6526-7ff0-43a8-8440-59b4bef8f013,A,riffusion-fuzz-1-1,riffusion-fuzz-1-0,0.8950276374816895,1.2050817012786865,B,False
1721aa09-99fc-4fa9-b40c-e78a2cf1fe26,B,musicgen-medium,sonauto-v2-2,-0.1860986053943634,1.2435641288757324,B,True
19d90f98-9281-480b-a02f-313366e68c96,A,riffusion-fuzz-1-1,riffusion-fuzz-1-0,0.5878235697746277,0.697725236415863,B,False
1a676227-adc9-494a-a9d7-08d1c6428a0a,A,lyria-3-30s,sonauto-v2-2,1.064318060874939,-1.161865234375,A,True
1a9973d6-0d5c-4925-8668-e19a3b44e6ed,B,sonauto-v3-preview,elevenlabs-music-v1,1.3213601112365723,1.1904529333114624,A,False
1b0d48e3-3afa-4425-9be9-9fb2d01b81b9,A,elevenlabs-music-v1,magenta-rt-large,1.0290957689285278,0.9331824779510498,A,True
1b91c553-39f7-4512-9ea0-10611d9dd948,B,sonauto-v3-preview,lyria-3-30s,1.5367567539215088,1.2444158792495728,A,False
1ce3ad17-72fb-4556-9a87-cd8305007c8c,B,musicgen-medium,riffusion-fuzz-1-0,0.16043570637702942,0.39247551560401917,B,True
1e012e2a-2a05-48da-a0c3-404947136b59,B,elevenlabs-music-v1,sonauto-v2-2,0.9364557266235352,1.2655673027038574,B,True
1e08060f-3330-4c7c-95ac-6577693c5dfd,B,elevenlabs-music-v1,lyria-3-30s,0.9304863810539246,1.473379135131836,B,True
2034d51b-2707-45c2-a2d0-94960ef350fc,A,magenta-rt-large,elevenlabs-music-v1,-0.0019938424229621887,0.4540046453475952,B,False
20dea417-9518-4613-bd2b-b686ccbd65e7,A,riffusion-fuzz-1-1,musicgen-medium,0.2857305705547333,0.27861467003822327,A,True
219ddbd6-2e4f-4e32-8cb0-229847028d25,B,lyria-3-30s,sonauto-v2-2,1.0944931507110596,1.3480993509292603,B,True
2355f13f-1fff-4361-ad13-c0e1a6e7adf4,B,lyria-3-30s,elevenlabs-music-v1,0.8347052335739136,0.10298334062099457,A,False
23c227ad-6b76-4a60-a3d3-ae8151f7c6c1,B,musicgen-small,riffusion-fuzz-1-0,-0.6305285692214966,1.1527040004730225,B,True
2bbc971b-d81c-4819-9c90-f79147dc3859,A,sonauto-v2-2,sonauto-v3-preview,0.2703702449798584,0.2983958125114441,B,False
2ce46070-ce5f-4720-8ccc-adde837f0ce5,B,magenta-rt-large,sonauto-v2-2,0.7282975316047668,0.8613426089286804,B,True
2ee4bc27-1ee2-441a-a1d1-8ded8df6122f,B,riffusion-fuzz-1-0,riffusion-fuzz-1-1,1.4449100494384766,0.8931210041046143,A,False
30217250-c448-44f4-9d0f-fe44b14ed699,A,elevenlabs-music-v1,lyria-3-30s,1.0704190731048584,0.8203856945037842,A,True
329dddd6-e364-4cd5-b193-f2f8066123aa,A,lyria-3-30s,sonauto-v2-2,0.699237048625946,0.3167267441749573,A,True
33b74a79-8103-4b63-b484-4d906ffe562f,B,elevenlabs-music-v1,riffusion-fuzz-1-0,0.7920454740524292,1.085679531097412,B,True
34199676-dd75-427f-a526-b72fba463ffc,A,sonauto-v3-preview,lyria-3-30s,-0.4370531141757965,1.8880894184112549,B,False
34893d05-cf81-4481-bc5d-42bf87d7babe,A,sonauto-v3-preview,sonauto-v2-2,1.1871421337127686,0.7637528777122498,A,True
34cec315-702f-49f1-befc-ead113d9f210,A,elevenlabs-music-v1,riffusion-fuzz-1-1,1.0866973400115967,1.140911340713501,B,False
36748860-f5d1-491f-9d6d-df267f8a4378,B,lyria-3-30s,sonauto-v2-2,0.4904564619064331,0.12703832983970642,A,False
39d48c72-bb31-432a-976b-35ab7f84b7f1,A,elevenlabs-music-v1,sonauto-v2-2,0.0799739733338356,0.2312403917312622,B,False
39efa5c9-4647-4540-bdfa-822da040c7b4,B,musicgen-medium,elevenlabs-music-v1,0.5455064177513123,1.8083161115646362,B,True
3a2106ae-e744-4d28-afee-dc6d17aa7b21,B,musicgen-small,sonauto-v2-2,-0.31774115562438965,0.4602544605731964,B,True
3a793a85-9bb1-40a7-b5fe-14f0d8946c93,A,sonauto-v2-2,magenta-rt-large,1.3434704542160034,1.1297788619995117,A,True
3b0d7e7c-553b-48e8-9830-654a5c2f95c6,A,sonauto-v2-2,elevenlabs-music-v1,0.7452768683433533,0.9622247815132141,B,False
3bcb8a59-d7dd-432a-a61a-91db5505a2e9,A,riffusion-fuzz-1-1,elevenlabs-music-v1,1.3711212873458862,-0.18003293871879578,A,True
3dee8e1d-e17f-4418-9dc7-9ad4354c0118,A,sonauto-v2-2,elevenlabs-music-v1,0.6932759881019592,0.6400040984153748,A,True
3ee5448f-171a-42d8-b224-00b22c8dabe6,A,sonauto-v2-2,musicgen-medium,0.41340896487236023,0.3674047887325287,A,True
41ca777d-c4d5-4ac1-a0fe-7eb7399154a0,A,riffusion-fuzz-1-0,musicgen-medium,0.5575204491615295,0.19891086220741272,A,True
4ab3b7b8-55ad-4687-af76-ab00779dca86,A,elevenlabs-music-v1,lyria-3-30s,1.4915437698364258,1.6875808238983154,B,False
4afbc019-1d14-48f2-8680-0ea871466a0b,B,sonauto-v2-2,elevenlabs-music-v1,1.0642290115356445,-0.1301003396511078,A,False
4b54b723-ece3-4b70-ae8c-8f785ff997a9,B,riffusion-fuzz-1-0,elevenlabs-music-v1,1.570602297782898,1.9815276861190796,B,True
4f00a2d1-8852-4ea9-91fd-228e7067bfc9,A,lyria-3-30s,sonauto-v2-2,0.6282457709312439,0.7390837073326111,B,False
4f226578-8ce1-44a7-a24a-01abfb3e63b1,A,magenta-rt-large,sonauto-v3-preview,1.068931221961975,1.9823530912399292,B,False
4f4cdf2e-5964-4d85-ab8a-a41a3fa9de49,B,riffusion-fuzz-1-0,riffusion-fuzz-1-1,1.457280158996582,1.250337839126587,A,False
501d7210-e928-4da9-b5dd-d3751ab4222d,A,riffusion-fuzz-1-1,magenta-rt-large,0.6381762623786926,0.49727195501327515,A,True
51e86b4f-536d-438d-b79b-90f4bbb3b80e,B,lyria-3-30s,sonauto-v2-2,1.558491826057434,0.8780955076217651,A,False
57abf0e3-b5bc-476a-b668-55a0d51f325a,B,sonauto-v3-preview,sonauto-v2-2,1.3979604244232178,0.6306338906288147,A,False
57efc6a3-75fa-4c30-a2cc-519beee047a1,B,elevenlabs-music-v1,riffusion-fuzz-1-0,1.6942769289016724,2.837137222290039,B,True
5b0eafba-bee2-40bd-9786-6a9574d64942,A,elevenlabs-music-v1,magenta-rt-large,0.5965995788574219,1.090837001800537,B,False
5b4884a2-1ed2-4a0c-8ed2-7ac224a268ab,A,lyria-3-30s,musicgen-medium,1.9368011951446533,0.8318459391593933,A,True
5bd8f27a-4dd5-430b-8ad6-897c8c9f0810,B,sonauto-v2-2,musicgen-medium,0.3928997218608856,0.309007853269577,A,False
5c5fd626-0751-421d-a90c-72b4f1bc5e2e,A,sonauto-v3-preview,sonauto-v2-2,0.22643086314201355,0.9510987401008606,B,False
5c72d621-e5d9-422b-a3b4-3feeacb1f528,A,riffusion-fuzz-1-0,sonauto-v2-2,0.7440428137779236,1.5762009620666504,B,False
5db1fc59-6375-4276-8200-9dce95eb392c,A,elevenlabs-music-v1,lyria-3-30s,0.6878156065940857,0.6814370155334473,A,True
5e631068-e043-425e-bee1-a2040775f146,A,lyria-3-30s,magenta-rt-large,0.8175497651100159,-2.8371403217315674,A,True
60f3bb1c-be91-423a-aab1-7cafdc337f78,A,sonauto-v2-2,elevenlabs-music-v1,1.3640211820602417,1.7315821647644043,B,False
63ccfe18-07e1-4039-b8c1-e81eec7bd248,B,sonauto-v3-preview,elevenlabs-music-v1,0.8222914338111877,1.0111851692199707,B,True
6470712c-82d8-4707-b069-cfe61c9eb972,B,elevenlabs-music-v1,lyria-3-30s,0.4632599651813507,1.4289551973342896,B,True
649ddc17-3fe0-41e6-8a00-100c621b6997,A,sonauto-v2-2,riffusion-fuzz-1-0,0.9372063279151917,2.1497626304626465,B,False
67e3407a-892f-4165-8bab-5c65f938ac51,B,musicgen-medium,sonauto-v2-2,-0.21927335858345032,0.1674720048904419,B,True
680dba75-ffa6-421a-a9cf-ef2dab165bcd,B,magenta-rt-large,elevenlabs-music-v1,1.1528029441833496,0.887234628200531,A,False
6a8726e6-4199-4724-b123-b587f3c1ddd7,B,elevenlabs-music-v1,lyria-3-30s,0.9647177457809448,1.7808837890625,B,True
6d62dfbd-27f8-458f-bb1c-d56693077d8c,A,elevenlabs-music-v1,lyria-3-30s,0.13913051784038544,0.8088578581809998,B,False
6f7e4519-6a8d-4b3e-a1a4-f430a2ac5df3,A,elevenlabs-music-v1,riffusion-fuzz-1-0,0.1762237846851349,2.292117118835449,B,False
7651a0bf-a9cd-42ed-bb4d-f19bf871723f,A,lyria-3-30s,sonauto-v2-2,1.4061696529388428,0.3337194323539734,A,True
7aed6bb5-ed60-4bf5-8028-57a7ecced556,A,lyria-3-30s,musicgen-medium,1.3452290296554565,-0.51777583360672,A,True
7b8a4194-6100-4c5d-a1da-a0e5e4f02421,B,lyria-3-30s,sonauto-v3-preview,1.1636121273040771,0.9838030934333801,A,False
7ccf7882-e96f-4c39-8f29-8044462547b5,B,riffusion-fuzz-1-1,sonauto-v2-2,0.27819937467575073,0.36198562383651733,B,True
7fa8128e-6b17-4c5a-8b5a-40c5a85efc6d,B,sonauto-v2-2,lyria-3-30s,1.039257287979126,1.0579243898391724,B,True
80dd6847-be89-4377-b6bb-e6e7963c00a9,A,sonauto-v3-preview,elevenlabs-music-v1,-0.540443480014801,0.6299660205841064,B,False
83df756d-39b8-4ec1-8bc8-09a610dd068f,A,elevenlabs-music-v1,sonauto-v2-2,-0.6556956768035889,0.2570969760417938,B,False
869b2933-87b5-4825-89b4-4e7364d8b293,A,lyria-3-30s,sonauto-v2-2,0.5728825926780701,0.37322452664375305,A,True
86b7c5ab-0389-40b5-8d73-dc0137a7a213,A,elevenlabs-music-v1,sonauto-v2-2,1.123162031173706,1.718991756439209,B,False
8744f989-1f8e-422f-a0d1-efe007fa418b,A,lyria-3-30s,sonauto-v2-2,1.3851032257080078,1.834228754043579,B,False
87b5cfd3-5626-46b6-9527-1b0e2f634422,B,musicgen-medium,sonauto-v2-2,0.09709563851356506,1.1097707748413086,B,True
88b2e7da-678d-4785-8305-933f8130c358,B,elevenlabs-music-v1,riffusion-fuzz-1-1,0.7029746174812317,0.8042377829551697,B,True
8a6c7d1a-806b-4496-a7c5-afd6e6721545,A,riffusion-fuzz-1-0,musicgen-medium,1.310110330581665,0.20581629872322083,A,True
8d8b3a79-4255-4089-9575-9b7d6766e0b2,A,sonauto-v2-2,elevenlabs-music-v1,1.5312613248825073,0.6729254126548767,A,True
8e6b8637-3fe8-4867-b252-a0e24cf94f88,A,lyria-3-30s,elevenlabs-music-v1,1.7018132209777832,1.5383687019348145,A,True
8e9136fc-636d-42c2-accd-7cb8bc3afb49,B,elevenlabs-music-v1,sonauto-v2-2,0.7877567410469055,0.8008773922920227,B,True
90485d47-89d8-4991-9dba-51c03c9a70ab,A,lyria-3-30s,elevenlabs-music-v1,0.6093259453773499,0.8129869699478149,B,False
914fd97b-11cb-499b-baf1-2e43779fb616,B,sonauto-v2-2,elevenlabs-music-v1,-0.2757590413093567,1.1873323917388916,B,True
943bd76f-a665-4739-b9d3-2cba3558ec21,A,riffusion-fuzz-1-1,sonauto-v2-2,0.4652179181575775,0.833541989326477,B,False
9715e78a-7fdc-4c2c-960b-1e300ffd79e3,A,sonauto-v2-2,lyria-3-30s,0.847459614276886,1.1967636346817017,B,False
9768733a-9cb2-4af2-a7c7-3d7815bc8488,A,riffusion-fuzz-1-0,musicgen-medium,0.3745196759700775,1.0731124877929688,B,False
9792541f-f1df-4469-ac95-857ca092d698,B,sonauto-v3-preview,magenta-rt-large,1.0907952785491943,1.4512214660644531,B,True
9b332e24-9c1f-4e16-a57d-1afd120a9c2a,B,riffusion-fuzz-1-0,musicgen-small,0.9577703475952148,0.2861720621585846,A,False
9c19b92f-0b49-4770-ac3c-ab66f082c89e,A,riffusion-fuzz-1-0,elevenlabs-music-v1,1.0217431783676147,0.3226906955242157,A,True
9e0ee04c-c087-45f6-9d83-3f255a2671af,A,magenta-rt-large,sonauto-v2-2,0.7001091837882996,0.4881456196308136,A,True
9fcd3386-d6aa-48ca-871e-1032d23bd3c8,B,elevenlabs-music-v1,lyria-3-30s,1.1826679706573486,1.0398988723754883,A,False
a04dd071-5f44-4748-9d8d-8988bc8fc065,A,elevenlabs-music-v1,sonauto-v2-2,1.0756347179412842,0.3293223977088928,A,True
a09d2615-8be7-4c45-abaf-e76b91f584f9,B,musicgen-medium,sonauto-v3-preview,0.01700315810739994,0.679932177066803,B,True
a1fe630d-8641-455c-be1a-64eb18c274d7,B,musicgen-small,riffusion-fuzz-1-1,-0.047056086361408234,0.8615598678588867,B,True
a9e2ecc0-cd6b-4b51-b186-24dbea9ca541,A,sonauto-v2-2,lyria-3-30s,0.972572922706604,0.605410099029541,A,True
ad278045-a399-4452-90be-f30e7c910d5f,A,lyria-3-30s,elevenlabs-music-v1,1.1408309936523438,0.8629981875419617,A,True
ae1d21bf-1c4c-4fb6-a8f5-a61470502bd7,A,lyria-3-30s,sonauto-v2-2,0.07765571773052216,-0.5465925335884094,A,True
ae1d9cc4-0109-45dd-9c2e-1fc06718b26f,A,riffusion-fuzz-1-0,riffusion-fuzz-1-1,0.7613168954849243,1.0964782238006592,B,False
b23a3977-ad5b-471d-a154-a03143fc92bc,B,lyria-3-30s,sonauto-v2-2,0.9531373977661133,1.1109261512756348,B,True
b3923a5d-afac-46b7-888f-c78875921fc5,A,elevenlabs-music-v1,sonauto-v2-2,-0.8240577578544617,1.3004703521728516,B,False
b8f8a158-1fb8-4339-a9fd-c1d3bf43ade7,A,lyria-3-30s,musicgen-medium,1.862764835357666,0.7796545028686523,A,True
ba1bdd44-1f6a-4726-9538-c28385898e0c,B,sonauto-v2-2,lyria-3-30s,1.3363462686538696,1.5077265501022339,B,True
bf611d84-9b50-411a-a626-c9eec8cb33ab,B,elevenlabs-music-v1,sonauto-v2-2,0.0025493279099464417,0.5000213384628296,B,True
bfd0563c-b3ed-488e-8d11-3b8c7b5c7303,B,riffusion-fuzz-1-1,riffusion-fuzz-1-0,1.9192554950714111,1.9844346046447754,B,True
c1e28538-4b5c-4f11-a2c7-d5edd4dc08f1,B,elevenlabs-music-v1,lyria-3-30s,1.0920637845993042,1.2605974674224854,B,True
c41180f4-1188-4cb4-8d77-93a7c2fea331,A,sonauto-v2-2,riffusion-fuzz-1-1,2.3750803470611572,1.1136789321899414,A,True
c4c729ca-dc9e-4d07-8165-084d4e0fb015,B,lyria-3-30s,magenta-rt-large,1.8206956386566162,0.6835269331932068,A,False
c512573d-193a-4ef4-8a5f-101ab7bba246,B,magenta-rt-large,lyria-3-30s,0.7155445218086243,0.5819750428199768,A,False
c5bea63d-2cac-48cf-9cb8-5629cc920759,A,riffusion-fuzz-1-1,elevenlabs-music-v1,1.2745615243911743,1.2135159969329834,A,True
c5f541cb-c171-4581-842b-af86bc5a6755,A,magenta-rt-large,musicgen-medium,0.7439108490943909,-3.604806661605835,A,True
c824161d-f30c-42bb-9059-2677ff758550,B,lyria-3-30s,sonauto-v2-2,1.4967639446258545,1.1251949071884155,A,False
cb9b640e-8586-422a-aa0d-aa8b45fbb71c,B,musicgen-medium,magenta-rt-large,-0.8156295418739319,0.21659353375434875,B,True
cc44e0c4-197c-4f49-8bc8-290b7466fc03,B,riffusion-fuzz-1-1,riffusion-fuzz-1-0,0.8677436113357544,0.7762814164161682,A,False
cd02162c-e540-4390-91b6-fa432727dcf8,B,musicgen-medium,riffusion-fuzz-1-0,0.13359013199806213,0.746765673160553,B,True
ce53e887-48e7-478a-92d5-f2f49d436e9a,B,sonauto-v2-2,magenta-rt-large,0.8547607660293579,0.8452287316322327,A,False
cf3c376f-07cb-457e-ab4c-9b7993079ba3,B,riffusion-fuzz-1-0,riffusion-fuzz-1-1,1.5065737962722778,1.3460607528686523,A,False
d1508e04-38d0-4012-af87-79806a309483,A,riffusion-fuzz-1-1,elevenlabs-music-v1,0.7423871159553528,0.9231212139129639,B,False
d745b139-de67-4b0b-86dd-e9cb7cc9e788,B,sonauto-v2-2,riffusion-fuzz-1-1,0.6359217762947083,0.8896968960762024,B,True
dbbd9e85-97b4-4a10-add2-c870e7d7456d,B,elevenlabs-music-v1,sonauto-v2-2,0.5190560221672058,1.3524569272994995,B,True
dca70eb2-473a-455c-b2c1-8de2f52aab8c,B,riffusion-fuzz-1-0,riffusion-fuzz-1-1,1.1396106481552124,1.0449905395507812,A,False
dcb3e91c-bc7b-46cd-a987-43ee0a5da07e,A,riffusion-fuzz-1-0,magenta-rt-large,1.1473287343978882,0.06896569579839706,A,True
ddb385e1-18d9-4303-a9cc-2d80251c4415,A,elevenlabs-music-v1,magenta-rt-large,0.7684228420257568,-1.0417604446411133,A,True
dde95126-a539-485c-8902-591cb2e93c45,A,riffusion-fuzz-1-0,riffusion-fuzz-1-1,1.2856290340423584,1.3006314039230347,B,False
df2b17b1-cdad-4602-a8f9-db973bc160ca,B,sonauto-v2-2,lyria-3-30s,1.1590611934661865,0.750205934047699,A,False
dfda8536-b27e-43c5-85da-0c2ef3a42064,B,sonauto-v2-2,elevenlabs-music-v1,1.3193477392196655,0.7841836810112,A,False
e03a4404-4243-43cd-a8f2-5f57986eccd7,A,riffusion-fuzz-1-1,elevenlabs-music-v1,1.5625219345092773,1.289283275604248,A,True
e28bc778-243a-4fce-9364-950fd6bb27d7,A,lyria-3-30s,sonauto-v2-2,0.6806275248527527,0.2639090418815613,A,True
e46054d5-f753-403b-9ac1-2fcba658bdb7,B,lyria-3-30s,elevenlabs-music-v1,0.45130661129951477,0.6735910773277283,B,True
e48bd447-e5d3-46c5-97b0-7069d02570c8,B,sonauto-v2-2,elevenlabs-music-v1,0.6504110097885132,0.5585588216781616,A,False
e801e6e0-bd90-455d-af26-e53b7f5b2907,B,lyria-3-30s,elevenlabs-music-v1,0.5629590153694153,0.3544594943523407,A,False
ea188271-f88e-4922-bb25-814368996e1a,A,lyria-3-30s,elevenlabs-music-v1,1.1357778310775757,0.39992931485176086,A,True
ea3bd16b-ce30-471c-bd71-eee8f737f83c,A,lyria-3-30s,sonauto-v2-2,1.2197799682617188,1.2192374467849731,A,True
ebfe7fbe-4358-43d0-9bd0-df64400e7b04,B,sonauto-v3-preview,sonauto-v2-2,0.10824309289455414,-0.48659732937812805,A,False
ec39076c-0df3-48fa-b208-816e47605412,A,lyria-3-30s,sonauto-v2-2,1.0380237102508545,0.5637412071228027,A,True
ecbd175e-b5af-4124-ab33-c8a74016cc7c,B,elevenlabs-music-v1,riffusion-fuzz-1-0,1.3276631832122803,1.3994983434677124,B,True
edac6bf8-f310-4a2b-acd9-a8fbc24007a7,B,lyria-3-30s,elevenlabs-music-v1,0.7769759297370911,0.5175198912620544,A,False
edd106ea-65f1-4cc0-b6c6-01a2f37f2825,B,lyria-3-30s,elevenlabs-music-v1,1.051069974899292,0.41414013504981995,A,False
ee3d1464-486e-4b0e-a359-f1fe768f1bc0,B,riffusion-fuzz-1-1,riffusion-fuzz-1-0,0.9413132071495056,0.9095030426979065,A,False
f113429c-8b0c-4f72-a726-dd8aa868508c,B,sonauto-v2-2,elevenlabs-music-v1,1.342844843864441,0.9842433929443359,A,False
f15bc33d-87ff-41bd-b5c5-c3b3c3845e3f,A,lyria-3-30s,sonauto-v2-2,0.8038074970245361,1.4330806732177734,B,False
f1aa5414-8e87-4a7b-bb20-4d1d1111809b,B,elevenlabs-music-v1,sonauto-v3-preview,0.28661641478538513,0.6241527199745178,B,True
f273c3b0-67a8-4e2b-b200-c0e2438c6a06,A,elevenlabs-music-v1,lyria-3-30s,1.5772502422332764,1.0764036178588867,A,True
f3c274b7-73b7-47eb-a6df-01492b687d05,A,sonauto-v2-2,elevenlabs-music-v1,-0.1994924545288086,-0.6480410695075989,A,True
f436bed6-48cc-43b8-9cd5-360f5a9b14f5,A,riffusion-fuzz-1-1,riffusion-fuzz-1-0,0.2114783525466919,0.6931414008140564,B,False
f4fdbb02-bfb1-450c-8c18-4cfde5651235,A,lyria-3-30s,musicgen-medium,0.8720083832740784,0.7887282967567444,A,True
fb5863c6-8e44-4319-93ba-7b1bbde74d9a,B,sonauto-v2-2,elevenlabs-music-v1,-0.052828073501586914,0.22937089204788208,B,True
fbc8a33b-754a-4ad8-9fa3-d8330cfad372,A,elevenlabs-music-v1,sonauto-v2-2,0.8096060156822205,0.8561064004898071,B,False
fe22b0a4-fc7b-4e9c-871b-e9e845946429,B,elevenlabs-music-v1,riffusion-fuzz-1-1,0.331567645072937,1.2906560897827148,B,True
ff8cccbf-6667-49fe-97bc-33c91e689988,A,riffusion-fuzz-1-0,elevenlabs-music-v1,0.3852173984050751,0.17538145184516907,A,True
000d49fb-fd5f-4f16-a6ef-90cabd03c4d7,A,lyria-3-30s,acestep-1.5-turbo-1.7b,0.9088786840438843,0.07076512277126312,A,True
015c76f4-a190-409b-9d20-87aa6435bdef,B,acestep-1.5-turbo-1.7b,sonauto-v2-2,0.9050908088684082,0.5557866096496582,A,False
01996574-85f1-48a9-b086-83992c443f65,B,sonauto-v3-preview,lyria-3-pro-preview,0.905832052230835,1.579382300376892,B,True
01d5c55a-e104-413c-a7eb-5b82ff02b008,B,acestep-1.5-turbo-1.7b,sonauto-v2-2,1.559865951538086,1.0757155418395996,A,False
0207892c-d4a4-4687-958b-c19662b9dea8,A,sonauto-v2-2,acestep-1.5-turbo-1.7b,1.279106616973877,1.6266062259674072,B,False
023b58ac-2ffb-4cdb-8e31-e5d2f04bf1e3,A,lyria-3-30s,acestep-1.5-turbo-1.7b,0.9114639759063721,1.56544828414917,B,False
02a6663c-25ff-4185-a74f-770cfd574c2e,A,sonauto-v3-preview,sonauto-v2-2,1.6449835300445557,0.49363893270492554,A,True
03098d1a-7c77-4c7c-8807-40cb652a7de7,B,sonauto-v2-2,lyria-3-30s,0.9548259377479553,0.5710847973823547,A,False
030a0dad-403b-4e64-93b1-0b80c54e8335,A,sonauto-v3-preview,acestep-1.5-turbo-1.7b,1.510558009147644,2.5029327869415283,B,False
03582207-e066-4758-b373-e2817b4bc027,B,acestep-1.5-turbo-1.7b,sonauto-v2-2,2.142942190170288,0.5329976081848145,A,False
03724b29-33e7-4abc-8aa7-f9c214b7bec3,B,acestep-1.5-turbo-1.7b,sonauto-v2-2,1.1926219463348389,0.32485416531562805,A,False
03e1868a-de87-4b78-8748-2d65792ce51e,B,magenta-rt-large,acestep-1.5-turbo-1.7b,0.8916527628898621,0.7307469248771667,A,False
04099471-38b9-4750-a1e7-79319acdc50f,A,lyria-3-30s,elevenlabs-music-v1,1.1258721351623535,1.8748977184295654,B,False
04995318-42cb-4a39-8683-0cb61196dbd8,B,acestep-1.5-turbo-1.7b,magenta-rt-large,0.7359618544578552,0.11866391450166702,A,False
0514ed59-cc68-4ff5-8fce-554a856366eb,B,acestep-1.5-turbo-1.7b,lyria-3-30s,1.2357735633850098,1.0120906829833984,A,False
05ddd603-b256-4915-b801-3d22375e3d57,B,lyria-3-30s,magenta-rt-large,0.908607542514801,-0.03115251660346985,A,False
07249adf-2116-43a7-a1ce-a9560a119b7a,B,sonauto-v2-2,lyria-3-30s,0.8206712007522583,1.8352447748184204,B,True
0753034f-4eb6-4247-b7f9-138c43df2a43,B,sonauto-v3-preview,lyria-3-30s,0.5749842524528503,1.0486806631088257,B,True
078b6858-a4f3-42ea-aa0f-ebe921dbf3b3,B,musicgen-medium,magenta-rt-large,0.21166428923606873,0.45744195580482483,B,True
0855f035-04b2-4126-992c-78af3c1c5d42,B,acestep-1.5-turbo-1.7b,sonauto-v2-2,1.1862131357192993,0.8264704346656799,A,False
085d9018-3023-4ad6-a8e9-77d2670c83d3,B,sonauto-v3-preview,elevenlabs-music-v1,0.9581839442253113,0.5161778926849365,A,False
087d4565-990f-4997-9210-f7eca7073a13,A,lyria-3-30s,magenta-rt-large,0.7913021445274353,1.6102402210235596,B,False
088d0866-9c94-433a-931d-51b0e47dc0e2,A,musicgen-medium,sonauto-v2-2,-0.463032603263855,0.9987179636955261,B,False
08abadb7-c205-4e24-b55d-5d54814b7225,B,acestep-1.5-turbo-1.7b,elevenlabs-music-v1,0.4957134425640106,0.6897088289260864,B,True
08ddd3fb-1de9-4fc4-bf74-0fd5a2d90b95,A,lyria-3-30s,elevenlabs-music-v1,0.024088039994239807,-0.2564898431301117,A,True
09bda029-5188-4560-b52d-d04d56ba4639,B,musicgen-medium,acestep-1.5-turbo-1.7b,-0.8857105374336243,2.195565938949585,B,True
0a02d52d-d8e9-4bee-ac26-f3f6efd3cd90,B,magenta-rt-large,acestep-1.5-turbo-1.7b,0.6060620546340942,1.3297278881072998,B,True
0a094dcb-e902-448a-9023-92619a7c543a,B,acestep-1.5-turbo-1.7b,musicgen-medium,0.6541127562522888,-0.6395766139030457,A,False
0b1a670a-161d-46ed-a3fd-006f41fab981,A,lyria-3-pro-preview,musicgen-medium,2.582049608230591,0.821803092956543,A,True
0b875583-84d3-49da-9ab2-bb198ca094d1,B,sonauto-v2-2,lyria-3-30s,0.8262912631034851,0.963720977306366,B,True
0ba120e9-5258-4745-92fc-21c8a2119613,A,sonauto-v3-preview,acestep-1.5-turbo-1.7b,2.487797498703003,2.212315320968628,A,True
0bbd46d9-001f-4da0-b950-9cbfb2848fb7,A,musicgen-medium,magenta-rt-large,-0.24658089876174927,1.0562779903411865,B,False
0be7babe-a67d-4da0-95b5-78aacbe088d0,B,sonauto-v3-preview,lyria-3-30s,1.9029035568237305,1.6735401153564453,A,False
0c8ab4bf-b44a-4f4f-8699-f2b3bd4c7d8f,B,musicgen-medium,elevenlabs-music-v1,0.8184865117073059,0.8862974643707275,B,True
0c97c218-c1df-4400-9ed6-55b0354c41e7,A,sonauto-v2-2,magenta-rt-large,-0.19528332352638245,-0.2573601007461548,A,True
0cc920d4-865a-407b-941e-64c0c7b74a0b,B,lyria-3-30s,elevenlabs-music-v1,1.7102961540222168,0.4550725221633911,A,False
0ceaad32-b7b7-4f54-a733-7a6c9a2c4e66,B,acestep-1.5-turbo-1.7b,musicgen-medium,0.41390129923820496,-0.36279571056365967,A,False
0cf5a044-cd10-4631-9fd9-958e20c762fe,A,lyria-3-30s,acestep-1.5-turbo-1.7b,0.2599800229072571,0.6700935959815979,B,False
0d740763-73ea-4be5-becf-f9705223cc87,B,acestep-1.5-turbo-1.7b,elevenlabs-music-v1,1.0489612817764282,0.3885425329208374,A,False
0d75c727-d8f1-46bf-9ee8-33ef3e10b3d8,B,magenta-rt-large,lyria-3-30s,0.4003698527812958,0.8296307921409607,B,True
0e2048fa-ccbf-4456-bfd7-21ad9689ce88,B,lyria-3-30s,sonauto-v3-preview,0.5138239860534668,1.1065208911895752,B,True
0e551db8-9c9d-4988-bb90-af3a9c099b52,B,sonauto-v2-2,musicgen-medium,-2.032860279083252,0.6298413276672363,B,True
0ec0d594-0f2a-4071-8a9d-6196e2dc056a,B,lyria-3-30s,acestep-1.5-turbo-1.7b,1.2178910970687866,1.8368757963180542,B,True
107739fa-0bde-4e3e-a441-3ebb2231c6fd,A,sonauto-v3-preview,acestep-1.5-turbo-1.7b,1.8311129808425903,1.883694052696228,B,False
10d01269-ec69-4aee-9d23-0bb77164b66a,A,lyria-3-pro-preview,lyria-3-30s,1.3404982089996338,0.6801689267158508,A,True
1142229f-1a65-41cd-8d5d-d784c544fe9c,B,sonauto-v2-2,magenta-rt-large,0.06952285021543503,0.7991721630096436,B,True
1148b008-d266-4dbc-b7c9-a0d0fbe6531e,A,sonauto-v3-preview,sonauto-v2-2,-1.0994579792022705,-0.21756261587142944,B,False
118343aa-06d2-4e01-b8ad-a9a678cfbfb0,B,elevenlabs-music-v1,lyria-3-30s,-0.7157564163208008,1.5928597450256348,B,True
11b2d5a4-ec77-4b99-ad70-0b7439aa9e19,B,musicgen-medium,magenta-rt-large,-0.3908982276916504,0.30420371890068054,B,True
11dcf41f-0113-47b8-8b56-3133325dac6a,B,sonauto-v2-2,sonauto-v3-preview,1.2895058393478394,1.3185930252075195,B,True
1211ad44-dc5f-48b8-8b93-682ab9806836,B,magenta-rt-large,elevenlabs-music-v1,0.5088167786598206,0.4143209159374237,A,False
124d6c1c-0c8f-4f26-bb47-2fa455aff6a7,A,acestep-1.5-turbo-1.7b,sonauto-v2-2,0.584869384765625,0.9823359847068787,B,False
12692985-83da-4697-90af-2767643cab2b,A,sonauto-v2-2,musicgen-medium,0.836442768573761,-0.7151002287864685,A,True
12ccd89d-111b-491e-b005-f067c653d20e,A,sonauto-v3-preview,elevenlabs-music-v1,1.5832793712615967,0.9633973240852356,A,True
135e4760-763f-48a4-a4b6-f4feab3f39d7,A,elevenlabs-music-v1,sonauto-v2-2,0.8579353094100952,1.109211802482605,B,False
140c098b-7858-4a3a-a312-10266e7fd458,B,magenta-rt-large,sonauto-v2-2,0.6179854273796082,0.26120713353157043,A,False
141401b2-6858-420b-89ef-f3eb7c481195,A,acestep-1.5-turbo-1.7b,sonauto-v3-preview,1.8349575996398926,1.4393972158432007,A,True
1419b94a-7fcc-4e1e-843d-d0127b960e0c,B,sonauto-v2-2,lyria-3-30s,0.857812225818634,0.9661674499511719,B,True
14943d51-9e7d-4cd5-a35e-4ee1b56f6831,A,sonauto-v2-2,elevenlabs-music-v1,1.5686726570129395,1.1576788425445557,A,True
158b53c1-fccf-43e0-8fc6-7a7759b97779,B,sonauto-v2-2,lyria-3-30s,0.663880467414856,0.6354940533638,A,False
15a425eb-bc50-4c58-8871-91c6dc02c878,A,sonauto-v2-2,lyria-3-30s,-0.33493325114250183,1.471696138381958,B,False
15b76cc8-e3aa-4fd9-8f48-78f7d9112f45,A,lyria-3-30s,sonauto-v2-2,1.3342517614364624,1.5027148723602295,B,False
16fe5984-fd28-401d-8e15-262e8dec351d,A,sonauto-v3-preview,acestep-1.5-turbo-1.7b,0.8425164222717285,1.192059874534607,B,False
176a0d60-bece-4a8f-877c-9caa8bc1c79d,B,sonauto-v2-2,sonauto-v3-preview,-0.8783833384513855,0.5173574686050415,B,True
17afd900-1166-442a-9a77-13c538bae186,B,elevenlabs-music-v1,sonauto-v2-2,1.2351539134979248,1.279736042022705,B,True
17d42b84-9dfe-495c-bf9a-03407cdcbbfa,A,sonauto-v2-2,lyria-3-30s,1.3797149658203125,1.4377503395080566,B,False
180dab58-74bc-4901-b6e3-f8fe2d18fe15,A,elevenlabs-music-v1,lyria-3-30s,0.9901741743087769,1.5364611148834229,B,False
1822f95f-c1ce-4048-808c-62757c4767ef,B,musicgen-medium,lyria-3-30s,0.7924031615257263,0.4935338497161865,A,False
18530e96-a91f-4a67-9459-492502b6f5fc,A,elevenlabs-music-v1,musicgen-medium,0.5442516207695007,0.34366515278816223,A,True
18812028-6904-4946-9d20-072efd43ced4,B,sonauto-v2-2,elevenlabs-music-v1,2.2884490489959717,1.4679239988327026,A,False
1904050b-df03-4d9b-ab12-af3e87a9fc13,B,lyria-3-30s,sonauto-v3-preview,0.6163931488990784,0.809055507183075,B,True
192b6dc3-fcc9-4ffd-8dfb-301cc7297e0b,B,acestep-1.5-turbo-1.7b,sonauto-v2-2,0.904407262802124,1.1573249101638794,B,True
1a736641-ac6c-40cd-a4b6-883ed1f9df3c,B,elevenlabs-music-v1,sonauto-v3-preview,0.3719405233860016,1.4738564491271973,B,True
1acbb452-c0c9-47e1-8283-8edcb715a699,B,acestep-1.5-turbo-1.7b,lyria-3-30s,0.5132410526275635,1.2736365795135498,B,True
1ad4c75d-2bc9-4f3d-a1e2-289084594275,A,elevenlabs-music-v1,lyria-3-30s,1.1976721286773682,1.1117464303970337,A,True
1b123cf5-40ef-4c87-ab4c-48f2d7574313,A,magenta-rt-large,lyria-3-30s,-3.6474251747131348,-0.6035551428794861,B,False
1b3fdad7-ce6b-4a54-8e61-ee2c03724f02,B,sonauto-v3-preview,elevenlabs-music-v1,-0.09087800234556198,0.9707604646682739,B,True
1b51dbfe-19f3-4d9e-aac1-3c472197c7e4,A,elevenlabs-music-v1,magenta-rt-large,0.034756630659103394,1.4459419250488281,B,False
1bd0f7b6-9ab3-4e02-919c-02a770862ac1,B,musicgen-medium,lyria-3-30s,0.1478034257888794,1.2518291473388672,B,True
1c984a30-8fa1-4c39-8844-09896803af9c,B,magenta-rt-large,acestep-1.5-turbo-1.7b,0.526177167892456,0.5066371560096741,A,False
1ca17c1e-f365-4b01-ae38-73dbb5456e9d,A,sonauto-v2-2,sonauto-v3-preview,2.4439926147460938,2.202787160873413,A,True
1d06b431-3bf7-4c16-81eb-597996f1ce4f,A,acestep-1.5-turbo-1.7b,lyria-3-30s,1.0123034715652466,0.4754466414451599,A,True
1d3d657a-2443-450d-a242-467ce5ad2173,B,acestep-1.5-turbo-1.7b,lyria-3-30s,0.7323316931724548,0.684986412525177,A,False
1d3eff62-5daf-494e-b663-d064ebc1c563,B,elevenlabs-music-v1,acestep-1.5-turbo-1.7b,0.40156593918800354,0.971106231212616,B,True
1d45c0fc-574f-458c-961e-6663798cfaf4,A,elevenlabs-music-v1,acestep-1.5-turbo-1.7b,-0.07816004008054733,0.6254466772079468,B,False
1dc56d97-2518-4301-b1ba-5c2d50720632,B,lyria-3-30s,elevenlabs-music-v1,1.7558358907699585,1.0565288066864014,A,False
1dc939df-28b6-4343-820f-68ec8bb7722f,A,sonauto-v2-2,acestep-1.5-turbo-1.7b,1.3008196353912354,1.6709582805633545,B,False
1de71e1f-5bcf-4f53-a3f9-67c214566ff5,A,elevenlabs-music-v1,lyria-3-pro-preview,1.5996713638305664,2.5078341960906982,B,False
1df62d8e-4633-4166-9946-80f6ad86eea4,B,sonauto-v2-2,acestep-1.5-turbo-1.7b,0.9764044880867004,2.1972639560699463,B,True
1e2c1fa0-62f0-43cb-a73a-900c3011a490,A,sonauto-v3-preview,sonauto-v2-2,2.642836332321167,1.8513929843902588,A,True
1e35ab58-4c35-43d1-963a-116a1a9b9a97,B,elevenlabs-music-v1,sonauto-v3-preview,1.015965461730957,1.0944581031799316,B,True
1e3d581c-a0e3-481c-a769-dbfe46124ac8,B,acestep-1.5-turbo-1.7b,sonauto-v3-preview,1.7109754085540771,0.7561516165733337,A,False
1e9a8fe5-dea6-44c1-a3dd-94d432dc97b9,A,sonauto-v3-preview,sonauto-v2-2,1.7481882572174072,0.6870301365852356,A,True
1ee44a16-86aa-470d-b794-2b1b9d217ff0,B,sonauto-v2-2,lyria-3-30s,0.9576755166053772,0.5509709119796753,A,False
1fefc003-b29e-4f5b-9a3a-deeaeba16cc9,B,elevenlabs-music-v1,lyria-3-30s,1.057039737701416,1.3478093147277832,B,True
20630a91-5a40-4cb0-a214-6bcc785c974d,B,acestep-1.5-turbo-1.7b,lyria-3-30s,2.006876230239868,1.1593875885009766,A,False
20b13ffc-d18e-472f-9bcb-d66774b39796,B,lyria-3-30s,magenta-rt-large,0.37487831711769104,0.7605722546577454,B,True
20d53b95-3448-4c3d-8dfc-5e09f236d39d,A,acestep-1.5-turbo-1.7b,musicgen-medium,0.8230717778205872,0.10002048313617706,A,True
215945d1-6ba7-4bb7-9c76-492fe4797d73,B,lyria-3-30s,elevenlabs-music-v1,2.114535093307495,0.4400184154510498,A,False
21f82434-c0a0-4289-a671-61f79a16d18a,B,lyria-3-30s,elevenlabs-music-v1,0.7835566401481628,0.4871087074279785,A,False
22451834-ff74-4d5d-b3bb-5416962b4d11,B,magenta-rt-large,acestep-1.5-turbo-1.7b,0.02036806009709835,0.7275673747062683,B,True
22b34dfc-f87b-4a57-8a4c-6d1d6ca4b827,B,elevenlabs-music-v1,lyria-3-30s,0.12165829539299011,1.040956735610962,B,True
22d05bac-34b6-4c19-994f-42711b57e5ba,A,sonauto-v2-2,magenta-rt-large,0.6805402636528015,0.9407200217247009,B,False
22dd03bc-7e19-4885-bd27-334f4c1bb6b5,A,sonauto-v2-2,lyria-3-30s,-0.021816063672304153,0.5280513763427734,B,False
235bbaf7-ccc1-49cb-a6c7-18a4b4a1fad9,B,sonauto-v3-preview,musicgen-medium,0.35517212748527527,0.24614664912223816,A,False
237e84a2-72a2-4077-b1f9-8c076f93ceb5,B,sonauto-v2-2,magenta-rt-large,0.4395316243171692,-0.013613197952508926,A,False
23ada748-62eb-4c91-950a-5775ecd7df4c,B,sonauto-v2-2,acestep-1.5-turbo-1.7b,0.543994665145874,1.2230130434036255,B,True
24019884-7734-4a69-aea2-59d3cfa3d6a5,B,sonauto-v2-2,elevenlabs-music-v1,0.6001628041267395,1.2230366468429565,B,True
247e6c07-b5b4-43a0-8fc5-96b918b0271e,B,sonauto-v3-preview,sonauto-v2-2,0.29079702496528625,0.16567659378051758,A,False
254c654a-35c5-436c-a2c9-a0d9875137d6,B,acestep-1.5-turbo-1.7b,lyria-3-30s,1.3484523296356201,1.1920307874679565,A,False
255a522e-8ee2-45a4-969f-d241f7d7a2be,B,sonauto-v3-preview,lyria-3-30s,-0.714169979095459,0.9325736165046692,B,True
2560507d-1a6a-49bc-b0ba-38a86454e355,A,lyria-3-30s,acestep-1.5-turbo-1.7b,1.0148565769195557,1.6294125318527222,B,False
25c344e8-807f-43f3-b13b-a830540f1876,A,elevenlabs-music-v1,musicgen-medium,0.4622358977794647,1.138258695602417,B,False
25cab484-ca88-4c83-986e-348cc67c5923,B,acestep-1.5-turbo-1.7b,sonauto-v2-2,2.1236732006073,1.5184121131896973,A,False
25e56de8-f425-4ac5-9175-7f080a4f4eee,B,lyria-3-30s,sonauto-v3-preview,1.6353131532669067,1.1778818368911743,A,False
266763da-4264-4413-904b-acf1a4afc077,B,sonauto-v3-preview,elevenlabs-music-v1,0.7134959101676941,-0.815569281578064,A,False
27d6684f-ae1c-4734-91b4-ba7da1b6ec19,B,musicgen-medium,sonauto-v2-2,-0.4866198003292084,0.7758247256278992,B,True
28026967-2d65-4e50-a9cc-dbf63f9ad176,B,acestep-1.5-turbo-1.7b,lyria-3-30s,1.2061347961425781,1.5339515209197998,B,True
28398d49-469f-4da7-bfd4-e5cb8e5aee29,B,acestep-1.5-turbo-1.7b,musicgen-medium,-0.4196278750896454,0.7303324341773987,B,True
288eb884-d63b-42f7-8b85-9f11c3dca448,A,musicgen-medium,magenta-rt-large,0.19127801060676575,0.6598585844039917,B,False
28fe5f9c-4975-4c1d-ab1e-17b1d9044449,B,musicgen-medium,elevenlabs-music-v1,0.14851699769496918,0.1993006467819214,B,True
2905a52c-ec82-44eb-b0a7-24c8fef0c86a,A,acestep-1.5-turbo-1.7b,sonauto-v2-2,1.4975417852401733,0.6967427134513855,A,True
292dbb11-09b5-4965-b7b5-a0c1ccca62f5,A,lyria-3-30s,sonauto-v2-2,1.390985131263733,-0.27641722559928894,A,True
294520c5-72aa-4309-ab6f-11de8fe850f2,A,acestep-1.5-turbo-1.7b,sonauto-v2-2,1.8977746963500977,1.9764429330825806,B,False
29a565d1-b5c0-4a6c-8c14-9aa4a68e09b0,B,lyria-3-30s,sonauto-v2-2,2.1141417026519775,1.5316176414489746,A,False
29b1ceb0-d6ca-4192-9961-139a8ad9047f,B,elevenlabs-music-v1,acestep-1.5-turbo-1.7b,0.5897955298423767,2.281069040298462,B,True
29f236b6-36ce-4764-bcb2-809fc6b3e2b0,A,elevenlabs-music-v1,sonauto-v3-preview,0.41353437304496765,0.3606638014316559,A,True
2b7ed723-ccba-42bd-9df3-928576be3dcb,A,sonauto-v2-2,lyria-3-30s,0.5606305003166199,0.8776257634162903,B,False
2bcd1da4-39de-4ea4-aaaf-093c6afc4290,B,elevenlabs-music-v1,sonauto-v3-preview,0.7849038243293762,1.4666259288787842,B,True
2c0a9b51-0dab-4f62-b73f-950c612f9953,B,lyria-3-30s,sonauto-v2-2,2.3656673431396484,1.3913838863372803,A,False
2c1d361d-43a9-4913-90a2-c4beaa856c74,A,sonauto-v2-2,acestep-1.5-turbo-1.7b,0.3236614763736725,1.0132405757904053,B,False
2c356031-6e70-4727-9982-f5d841fe7807,B,magenta-rt-large,elevenlabs-music-v1,-0.097862608730793,0.5649543404579163,B,True
2cc23b16-ad80-4f1c-8a26-18b616a3c381,A,elevenlabs-music-v1,sonauto-v2-2,0.7162197232246399,0.6684513688087463,A,True
2d114acd-0c8c-44fe-9676-50dafbef7e30,B,lyria-3-30s,sonauto-v3-preview,1.40481698513031,1.201042652130127,A,False
2dd3034d-b060-49fa-b433-19c406079224,B,elevenlabs-music-v1,acestep-1.5-turbo-1.7b,1.560446858406067,1.0641608238220215,A,False
2e1f136a-5165-4ba5-b860-022b8952d121,A,elevenlabs-music-v1,musicgen-medium,1.3171467781066895,0.6421756148338318,A,True
2e467293-4881-44cb-ab61-a31097fc7971,A,elevenlabs-music-v1,musicgen-medium,0.09238980710506439,-0.18137255311012268,A,True
2ebe0f21-6a3b-402f-ab80-d0273d45b0bc,B,lyria-3-30s,sonauto-v2-2,2.227675437927246,1.1305408477783203,A,False
2f16b2a1-9e3d-4bfb-9ca0-e93097efd0e8,A,sonauto-v2-2,musicgen-medium,1.049576759338379,-0.18927660584449768,A,True
2f280db0-f0e1-4932-a414-ac8bff3b8834,B,lyria-3-30s,sonauto-v3-preview,1.1930830478668213,0.6643163561820984,A,False
2f61f4e8-ea77-4eb9-8286-ad858de988e2,B,acestep-1.5-turbo-1.7b,elevenlabs-music-v1,0.7902716994285583,-0.25562557578086853,A,False
2fd619cc-3781-4f97-bcb5-49082a8be6dc,B,elevenlabs-music-v1,lyria-3-pro-preview,0.8462578654289246,1.0790231227874756,B,True
302b6ee1-82d6-498d-9aa7-7f0455fb8075,B,sonauto-v2-2,lyria-3-30s,0.37832877039909363,0.22113347053527832,A,False
30484737-0496-4dec-bca1-9b835545f57f,B,musicgen-medium,sonauto-v3-preview,0.7032490968704224,-0.5994712710380554,A,False
306cdd06-49a5-4cf2-870b-9cdce94af399,B,sonauto-v2-2,acestep-1.5-turbo-1.7b,0.6287364363670349,0.2841016352176666,A,False
30aa46c6-1eb7-4358-828d-b8efb54fd6aa,B,magenta-rt-large,sonauto-v2-2,0.08660992980003357,0.21385425329208374,B,True
30b9beaa-7380-49ac-8dd1-d02868afeaf8,A,acestep-1.5-turbo-1.7b,lyria-3-30s,2.3121140003204346,1.7820324897766113,A,True
30ff2b50-4d36-421a-99a1-0c00762f907f,B,sonauto-v2-2,lyria-3-30s,0.6208670735359192,0.5375980138778687,A,False
31c58831-198c-4d30-be12-91d22499d60f,A,sonauto-v2-2,magenta-rt-large,1.4390074014663696,0.6792660355567932,A,True
326004c1-7b71-456b-a1a1-99b6be233a5c,B,magenta-rt-large,musicgen-medium,0.44552329182624817,0.02692076936364174,A,False
32b58415-ca25-47b6-82ae-8d23f30ce32c,B,musicgen-medium,lyria-3-30s,-1.7643555402755737,1.4900586605072021,B,True
32f4a240-8943-4211-abed-29a93057027a,B,acestep-1.5-turbo-1.7b,sonauto-v3-preview,0.6895442605018616,0.47175928950309753,A,False
32f93d13-e236-4e23-99b9-66d9bd6049e2,B,lyria-3-30s,elevenlabs-music-v1,0.9446927905082703,0.225398451089859,A,False
3302e014-f66f-4077-b582-a2d0a140f582,B,sonauto-v2-2,lyria-3-30s,0.5249067544937134,0.9477331638336182,B,True
339be4f6-1542-4fe6-945e-6b87ccc99276,B,lyria-3-30s,acestep-1.5-turbo-1.7b,0.8394656181335449,1.678049087524414,B,True
33e28d7a-11ca-443d-8708-138e94e96aaa,A,sonauto-v2-2,acestep-1.5-turbo-1.7b,0.545989453792572,1.2497634887695312,B,False
3442bfdd-d656-4fa6-b8fd-18cee6c67f6d,A,acestep-1.5-turbo-1.7b,elevenlabs-music-v1,1.3170990943908691,1.269646167755127,A,True
34dd8aba-6a71-4e02-b4db-9edbde508df7,B,sonauto-v2-2,elevenlabs-music-v1,1.2493183612823486,0.11303360015153885,A,False
357a2dc8-0e90-4aeb-9df9-21edd00dee66,B,lyria-3-30s,acestep-1.5-turbo-1.7b,1.0980713367462158,1.2185956239700317,B,True
35811894-73c8-4efa-ac59-d8a08c5e48ea,A,sonauto-v2-2,acestep-1.5-turbo-1.7b,1.6608715057373047,1.733526587486267,B,False
358d3960-a76a-4e5f-8dab-562753486e27,B,lyria-3-30s,lyria-3-pro-preview,1.8550502061843872,2.3001036643981934,B,True
3593f906-cf0a-4453-96fd-95bb8ede2a25,A,sonauto-v2-2,lyria-3-30s,0.25642579793930054,1.60874605178833,B,False
363c0670-3533-41e5-bc50-834b37b7d930,B,lyria-3-30s,elevenlabs-music-v1,0.5795794129371643,-0.03810609132051468,A,False
3672e368-86ec-4058-bc81-7e7cb9351c9d,A,lyria-3-30s,acestep-1.5-turbo-1.7b,1.5555109977722168,1.0077571868896484,A,True
375b50f3-7e2e-48f6-b492-9c98cb8fa4da,B,magenta-rt-large,sonauto-v3-preview,-0.4758009612560272,0.6449931263923645,B,True
377f4202-a99e-4a68-bfad-a4df0e15a513,B,lyria-3-30s,acestep-1.5-turbo-1.7b,0.6130298972129822,0.7842904925346375,B,True
37a24b06-f297-41e1-9a01-d7892e2b0044,A,magenta-rt-large,acestep-1.5-turbo-1.7b,-0.09380819648504257,0.9711836576461792,B,False
380be60a-3921-4a5b-80a9-05d7daa28224,B,lyria-3-30s,elevenlabs-music-v1,1.3694820404052734,0.9309837818145752,A,False
38152af9-2d16-404d-8137-999a4f49296e,B,musicgen-medium,elevenlabs-music-v1,0.038300205022096634,-0.5185130834579468,A,False
38271515-f425-492e-ac37-5ea39b404837,A,sonauto-v3-preview,acestep-1.5-turbo-1.7b,0.9435247182846069,1.912562370300293,B,False
389ecf32-0fe9-4069-9e14-359b74a24ea3,B,lyria-3-30s,acestep-1.5-turbo-1.7b,1.371781826019287,3.2246170043945312,B,True
389f353f-379d-4686-93f7-896e511bdf73,B,acestep-1.5-turbo-1.7b,lyria-3-30s,2.086876630783081,1.2621517181396484,A,False
38ad16a4-730e-4060-87b3-8b7b8072a7b1,A,elevenlabs-music-v1,sonauto-v3-preview,0.9186960458755493,0.49385014176368713,A,True
39015770-7061-4f4c-bcc5-b09664c9fd50,A,magenta-rt-large,musicgen-medium,0.03471265733242035,0.4034106135368347,B,False
392c8d26-cc65-41db-826e-3e1e5ab0a515,A,elevenlabs-music-v1,lyria-3-30s,0.048940353095531464,0.6830377578735352,B,False
39bacd2b-0064-4b8f-b71f-902f1b32480f,B,sonauto-v3-preview,lyria-3-30s,1.44110107421875,0.7005625367164612,A,False
3a5c8ba1-3a3f-4240-bda6-2086c7abee58,B,elevenlabs-music-v1,sonauto-v3-preview,0.27054405212402344,0.6486304998397827,B,True
3abef01f-e14e-4d3d-9994-beb2a4281c69,A,elevenlabs-music-v1,magenta-rt-large,-0.7551957368850708,0.3765968382358551,B,False
3ac8d4dd-489e-4228-bd52-61581f8b4c8a,A,sonauto-v2-2,lyria-3-30s,1.0028600692749023,1.6552296876907349,B,False
3ac924dc-455d-4bc3-9280-ab2e8417f43e,B,musicgen-medium,sonauto-v3-preview,0.20319494605064392,0.5772715210914612,B,True
3c0fa5d0-158a-4632-b2c9-779e3797cf61,B,lyria-3-30s,sonauto-v2-2,1.6082398891448975,1.0164158344268799,A,False
3cc5a94e-ad8c-43ee-b0bd-7439d8c1c3c2,A,acestep-1.5-turbo-1.7b,sonauto-v3-preview,1.8720041513442993,-0.912198543548584,A,True
3ce8a7e1-6333-45cf-96d3-9765fe27283f,A,lyria-3-30s,elevenlabs-music-v1,0.8043623566627502,0.382503479719162,A,True
3cfd7906-11eb-4b52-b4c2-9a3441d9754f,A,lyria-3-pro-preview,sonauto-v2-2,2.1096317768096924,1.1349036693572998,A,True
3d7740cc-b83e-426b-842c-22f45d0fbf55,B,acestep-1.5-turbo-1.7b,lyria-3-30s,1.7187572717666626,0.9710233211517334,A,False
3d7b862c-dc3d-4b45-868a-9a1981e6616b,B,acestep-1.5-turbo-1.7b,sonauto-v2-2,2.0447473526000977,0.9879836440086365,A,False
3f149678-b861-43e1-b4ac-63dc9e6bb68f,B,lyria-3-30s,acestep-1.5-turbo-1.7b,0.8572131395339966,1.0021895170211792,B,True
3f9ba94b-9226-4a4e-8598-c76dc20b03ed,B,magenta-rt-large,elevenlabs-music-v1,0.8806661367416382,1.060276985168457,B,True
3ff14498-6691-46d6-9f37-52106daa07e1,B,acestep-1.5-turbo-1.7b,sonauto-v3-preview,1.4991860389709473,1.2404173612594604,A,False
400ef861-347d-4c1d-b67e-894fa1357b77,B,sonauto-v2-2,lyria-3-30s,0.7071338295936584,0.41048336029052734,A,False
417b6d71-2ef3-49fa-bfa8-dcf0350cba66,B,acestep-1.5-turbo-1.7b,sonauto-v3-preview,2.2935750484466553,0.4185028672218323,A,False
41a4ff24-5c4b-4fb9-b7f7-195c2f1c5648,A,lyria-3-30s,sonauto-v2-2,0.6849713325500488,0.690817654132843,B,False
41d245ae-8245-43f8-a04f-91db9554bbd8,B,elevenlabs-music-v1,lyria-3-30s,1.1863040924072266,1.1332491636276245,A,False
41fd3aa1-c7c3-437e-a317-8cb618d58dc6,B,sonauto-v2-2,elevenlabs-music-v1,0.9001721739768982,0.2493753731250763,A,False
420d01e9-aac6-4d82-a98f-cf4202460242,B,lyria-3-30s,sonauto-v3-preview,0.9325061440467834,0.6305477619171143,A,False
428f0b1f-d781-408b-8d4f-8a9905105c3d,B,elevenlabs-music-v1,lyria-3-30s,1.303076982498169,1.497734546661377,B,True
4456e2f4-c589-4977-ab60-ae654afd0df8,B,elevenlabs-music-v1,sonauto-v2-2,0.9216544032096863,0.801128089427948,A,False
446d753b-9c66-4b29-9abd-b0c07a4b0bc7,A,elevenlabs-music-v1,sonauto-v3-preview,0.615849494934082,0.3157289922237396,A,True
4472f846-e218-4573-8695-28bc245f1849,A,lyria-3-30s,sonauto-v2-2,2.2501981258392334,1.1977224349975586,A,True
44bf49fe-fe04-446b-a8f2-9d6653aacfcc,A,sonauto-v2-2,elevenlabs-music-v1,0.9315515160560608,0.7792859077453613,A,True
44cbb349-3398-469f-8f27-7f675dd4394e,B,acestep-1.5-turbo-1.7b,elevenlabs-music-v1,1.1967239379882812,1.3607144355773926,B,True
45ab24b2-26a8-4cf2-a477-e988d55935a4,B,magenta-rt-large,elevenlabs-music-v1,0.34343984723091125,1.6744433641433716,B,True
45c77cd5-31b3-4699-b2bf-697f5bf3af3d,A,acestep-1.5-turbo-1.7b,sonauto-v2-2,1.195432186126709,0.8995350003242493,A,True
45fefcd2-a5bb-424c-9642-f259bafe028e,A,acestep-1.5-turbo-1.7b,sonauto-v3-preview,1.2437164783477783,-0.5034357905387878,A,True
4661a9bf-5536-4f56-b171-e2c17292337a,A,magenta-rt-large,acestep-1.5-turbo-1.7b,0.19453474879264832,0.16078346967697144,A,True
4691940b-e9cc-4e14-8912-1a6fc33a9054,B,acestep-1.5-turbo-1.7b,elevenlabs-music-v1,0.4006741940975189,0.959132730960846,B,True
46e06c89-5bd7-4d79-b696-60205f56dfd4,B,acestep-1.5-turbo-1.7b,lyria-3-30s,1.8831751346588135,1.644465446472168,A,False
47698787-d1a2-4a42-9362-e6adfff8a9ca,B,acestep-1.5-turbo-1.7b,lyria-3-30s,0.9199080467224121,1.3163269758224487,B,True
4786a4bd-ede1-46ae-8f80-144e8a035f21,B,sonauto-v2-2,elevenlabs-music-v1,0.6180775761604309,0.39528700709342957,A,False
47bb4175-6782-44ba-a645-939e61cc0359,A,elevenlabs-music-v1,sonauto-v2-2,1.6524999141693115,0.9169098734855652,A,True
49314b90-7c89-4988-8b3c-d16a666f0deb,B,acestep-1.5-turbo-1.7b,elevenlabs-music-v1,0.4304961860179901,0.3145200312137604,A,False
49351248-f19a-45b2-b676-1a4d973c35d2,B,sonauto-v2-2,lyria-3-30s,2.1762900352478027,2.5469470024108887,B,True
493fce0e-de53-4035-8107-45f2880334c6,A,acestep-1.5-turbo-1.7b,sonauto-v2-2,1.1726819276809692,1.7282642126083374,B,False
496eaa3b-4975-4e56-ba5e-161faa8d02cd,B,sonauto-v3-preview,lyria-3-30s,-0.22249847650527954,0.7507613897323608,B,True
49f41897-67c3-4228-baf7-4efb520add09,B,sonauto-v2-2,elevenlabs-music-v1,1.4317069053649902,1.0278749465942383,A,False
4a18766c-8537-4200-aa70-a1874af2d91b,B,elevenlabs-music-v1,magenta-rt-large,0.16132766008377075,1.2383182048797607,B,True
4a9779b1-2a44-4fbb-b7d3-7d12774d1434,A,sonauto-v2-2,magenta-rt-large,0.569753110408783,0.5205709338188171,A,True
4aca4b92-515f-453c-85ec-fd847001bf48,B,lyria-3-30s,lyria-3-pro-preview,0.8862732648849487,1.3194096088409424,B,True
4ae3ee2e-1612-44a3-a8f3-0816004c6fdd,A,sonauto-v3-preview,acestep-1.5-turbo-1.7b,0.9341031908988953,1.3430163860321045,B,False
4b5f9882-4377-4c94-bf0b-096c988c9dfd,A,sonauto-v3-preview,sonauto-v2-2,2.013624906539917,1.0992940664291382,A,True
4bc86f23-2399-4cfc-81f5-1c27c534e1fa,A,sonauto-v2-2,lyria-3-30s,1.543186902999878,1.5183839797973633,A,True
4bdd1ac3-a0c7-4932-b032-5771604ee770,B,sonauto-v2-2,elevenlabs-music-v1,0.5079391002655029,1.341240406036377,B,True
4c0a85c4-41e8-4471-8cf8-1af746878f20,A,sonauto-v3-preview,sonauto-v2-2,1.1200172901153564,0.9228808283805847,A,True
4c277e67-ea7d-403c-b15e-403e35bc9a1d,A,elevenlabs-music-v1,musicgen-medium,1.0624792575836182,0.5508549213409424,A,True
4c752319-92c5-4614-8bd2-62ad32bc89da,B,sonauto-v2-2,lyria-3-30s,-0.22056397795677185,1.3411402702331543,B,True
4d243c6d-3f1b-468d-b010-15a9c52de86b,A,lyria-3-30s,sonauto-v2-2,1.2902212142944336,1.8306245803833008,B,False
4d85539b-b824-479f-a1b8-99b59736bfc5,B,magenta-rt-large,sonauto-v3-preview,0.754698634147644,1.1105549335479736,B,True
4f69f789-9c07-4654-affd-56668a3d70e9,A,lyria-3-30s,acestep-1.5-turbo-1.7b,1.064213514328003,1.7399771213531494,B,False
4f6b2fb5-1594-4040-8d92-cadcc997ba3b,A,sonauto-v2-2,acestep-1.5-turbo-1.7b,0.6587011814117432,1.4593067169189453,B,False
5055224a-2da1-4020-9a0a-3666e81970f6,B,elevenlabs-music-v1,sonauto-v2-2,1.2956476211547852,0.8960688710212708,A,False
506a97ca-6caf-47d8-b316-cca055425226,A,lyria-3-30s,elevenlabs-music-v1,1.3995378017425537,0.8258841633796692,A,True
50703939-aa78-4c41-88a8-83ad8ce0d08c,B,acestep-1.5-turbo-1.7b,musicgen-medium,0.8629282712936401,0.4292634129524231,A,False
509fadb9-1180-44fa-a346-8106b2d0037b,A,elevenlabs-music-v1,sonauto-v2-2,1.6567579507827759,1.0249158143997192,A,True
50ef7f0b-7a26-417d-a06e-cc396d718629,B,acestep-1.5-turbo-1.7b,elevenlabs-music-v1,1.4904873371124268,0.8306491374969482,A,False
51728f6f-e1c9-45d7-b895-3c15800cf64f,A,sonauto-v2-2,magenta-rt-large,0.6941285729408264,0.8222905993461609,B,False
51a21967-4a1c-4320-8838-265cf4ba9e08,B,elevenlabs-music-v1,acestep-1.5-turbo-1.7b,0.31053438782691956,1.6177350282669067,B,True
51d4b2c8-b8a7-416a-ae3a-1b6145f4e2d7,A,acestep-1.5-turbo-1.7b,sonauto-v2-2,1.7272406816482544,0.6579434871673584,A,True
52393783-d846-4b5e-acaa-7d38c379333f,A,elevenlabs-music-v1,acestep-1.5-turbo-1.7b,0.9389090538024902,1.4219183921813965,B,False
531a00fa-2a0b-4133-9d08-5c5f34a04bb3,A,lyria-3-30s,acestep-1.5-turbo-1.7b,1.1973860263824463,1.1759815216064453,A,True
53b08016-dd03-4112-a43e-b97a6093ccaf,B,elevenlabs-music-v1,acestep-1.5-turbo-1.7b,1.132570743560791,1.176633596420288,B,True
5436574e-fcb7-40a7-af76-bab3e6b9f4c0,B,lyria-3-30s,acestep-1.5-turbo-1.7b,1.68213951587677,1.7316222190856934,B,True
544ec51c-856d-444e-b90f-2cd6283846dd,A,acestep-1.5-turbo-1.7b,sonauto-v2-2,1.6324586868286133,1.1818541288375854,A,True
54a7b2e6-7f6d-49ec-baa6-52088088840f,A,acestep-1.5-turbo-1.7b,sonauto-v2-2,1.929481863975525,1.2059681415557861,A,True
5502b981-0ed6-4c8f-a809-8658e8bbe03b,B,elevenlabs-music-v1,sonauto-v3-preview,1.1257542371749878,0.6267194151878357,A,False
55131be9-e154-4d43-b9d7-710ad5b61329,A,sonauto-v2-2,magenta-rt-large,0.470661997795105,1.18649160861969,B,False
562a37d9-1d83-4ff1-a453-ac3aea4db758,A,acestep-1.5-turbo-1.7b,elevenlabs-music-v1,0.9574462175369263,0.43548133969306946,A,True
56528200-02a8-4e8a-ac46-b67684ae7083,B,acestep-1.5-turbo-1.7b,musicgen-medium,1.0144397020339966,-0.6210078001022339,A,False
5703fd78-94be-417b-8c2e-33a7ab0c8d9d,A,sonauto-v3-preview,magenta-rt-large,0.10153023153543472,0.22637057304382324,B,False
571bb8b2-00d2-4489-b0b1-1c0680ce9bba,A,elevenlabs-music-v1,musicgen-medium,0.2592547535896301,0.5692780613899231,B,False
5739f83b-f9ef-43eb-932d-1a45d56a580d,B,acestep-1.5-turbo-1.7b,elevenlabs-music-v1,0.41742315888404846,0.4111786484718323,A,False
583c7e22-8c01-41aa-8cae-1d996fed95fd,B,sonauto-v2-2,elevenlabs-music-v1,1.0200775861740112,0.3707490861415863,A,False
588e984c-844d-4497-81ba-037dcf04829b,B,lyria-3-30s,elevenlabs-music-v1,1.1651780605316162,-0.0926734134554863,A,False
58999046-44e8-4cb8-842b-957e64d3887b,B,magenta-rt-large,elevenlabs-music-v1,-0.42535823583602905,0.8577378392219543,B,True
58afaf47-a1be-41dd-9ce8-dce7f1d261fe,A,elevenlabs-music-v1,sonauto-v2-2,-1.0437231063842773,1.396294355392456,B,False
58d07786-31cd-4f2e-a920-350d64f6f657,A,musicgen-medium,magenta-rt-large,-1.5154869556427002,0.23946216702461243,B,False
59a80210-4454-4c55-a319-8db0765cf030,A,acestep-1.5-turbo-1.7b,sonauto-v2-2,1.2291436195373535,0.4508223831653595,A,True
59ca04bb-4429-428e-bd61-138691c58361,B,lyria-3-30s,elevenlabs-music-v1,0.14796893298625946,0.78339022397995,B,True
59f90463-f623-4152-ae62-d6cc43813d94,A,elevenlabs-music-v1,acestep-1.5-turbo-1.7b,0.7368230223655701,1.0034698247909546,B,False
5a9f7102-1fc0-4572-aea5-38c8b61f51f4,B,acestep-1.5-turbo-1.7b,elevenlabs-music-v1,2.592175006866455,0.9994376301765442,A,False
5aa257a8-b382-4f48-97a2-274cb3ee6529,B,sonauto-v2-2,acestep-1.5-turbo-1.7b,0.5272944569587708,1.611598014831543,B,True
5aaf7f71-d859-45d8-b906-4c5da8da56e9,B,lyria-3-30s,sonauto-v2-2,2.056004285812378,1.2402774095535278,A,False
5b2cef8e-3666-4fd7-998c-6204371d27f4,B,sonauto-v2-2,lyria-3-30s,0.7900136709213257,1.0637850761413574,B,True
5b4e573a-737b-421d-8c02-07d1be6b0491,A,musicgen-medium,lyria-3-30s,0.40252751111984253,1.2316908836364746,B,False
5da3c3cc-5d75-4b89-8752-1f100810bb01,B,musicgen-medium,sonauto-v2-2,0.107890285551548,0.6750200390815735,B,True
5e17ab3c-9f10-4b86-a845-021e4c5bf658,B,sonauto-v3-preview,lyria-3-30s,0.8495537638664246,1.077411413192749,B,True
5f2bb00b-ea1b-4c4c-bb6d-c059aa671d8e,B,lyria-3-30s,sonauto-v3-preview,0.21934351325035095,0.3251986801624298,B,True
5f455062-e40a-4c96-a26a-e675cb6e8049,A,sonauto-v3-preview,acestep-1.5-turbo-1.7b,0.6640140414237976,1.4879961013793945,B,False
5f7395da-a054-48d5-b16c-43c7dff7c402,B,magenta-rt-large,musicgen-medium,1.4737130403518677,1.44317626953125,A,False
5f842103-680a-4010-8408-33c4599b0a0b,B,elevenlabs-music-v1,sonauto-v2-2,0.6239483952522278,0.23803094029426575,A,False
5fb89092-774d-4555-91a8-fc6241a469f7,A,elevenlabs-music-v1,musicgen-medium,1.5586886405944824,0.9437037706375122,A,True
60c8abdb-63b4-41ce-a462-40834c4ffccb,B,lyria-3-30s,sonauto-v3-preview,0.9038192629814148,0.7465762495994568,A,False
60f49dd3-da3d-408b-b389-e84f4835070d,B,magenta-rt-large,elevenlabs-music-v1,0.3257834017276764,0.6402568221092224,B,True
616c921e-8e39-4b7d-a7c8-b9e7c19ae77b,B,acestep-1.5-turbo-1.7b,lyria-3-30s,1.72807776927948,1.7895418405532837,B,True
61fed72e-16c6-4de7-8464-f24ac58af84f,A,lyria-3-30s,sonauto-v2-2,0.8841069340705872,1.7361915111541748,B,False
622edd78-6bb0-4b8a-b8aa-de2b65b76aec,B,acestep-1.5-turbo-1.7b,lyria-3-30s,1.5435532331466675,0.9587790369987488,A,False
62dc6f9e-292a-4ac4-ae3c-eaebe635a8f6,B,musicgen-medium,acestep-1.5-turbo-1.7b,-0.1854410171508789,1.2434779405593872,B,True
62f25d89-b465-42b3-be38-427e4d125372,A,elevenlabs-music-v1,sonauto-v2-2,-1.6422771215438843,0.665248692035675,B,False
63c7cd60-52b7-45b4-89f4-842fa7f32e9b,B,acestep-1.5-turbo-1.7b,lyria-3-pro-preview,2.3227274417877197,1.623244285583496,A,False
64409e7e-b588-4f0d-b03d-facc62721f56,B,elevenlabs-music-v1,sonauto-v2-2,0.5582659840583801,0.8158547282218933,B,True
64bda80e-9381-40b5-bf37-fcfa1cdac6d2,B,lyria-3-30s,sonauto-v2-2,1.3032548427581787,1.3031275272369385,A,False
654877f9-c552-415e-9779-0d762745b8a4,A,lyria-3-30s,musicgen-medium,1.1733553409576416,0.2011547088623047,A,True
655b845c-a7fa-495c-b4cf-3b54f015c9cb,B,acestep-1.5-turbo-1.7b,magenta-rt-large,0.6369667649269104,0.8410980701446533,B,True
658f679d-8fc7-4974-b18c-9b5458d6a89f,A,acestep-1.5-turbo-1.7b,magenta-rt-large,1.5916693210601807,-0.22294089198112488,A,True
65a8e35a-e5bb-4299-9297-0d61c0894b86,A,elevenlabs-music-v1,lyria-3-30s,-1.7756327390670776,1.6136794090270996,B,False
673aaedb-ce4a-455d-8407-ea88d2f6abcd,A,magenta-rt-large,sonauto-v2-2,0.9596631526947021,1.2997515201568604,B,False
67a2bac6-00a0-4464-ae24-780bb810eb73,B,musicgen-medium,sonauto-v3-preview,-0.09530322998762131,0.45920321345329285,B,True
68314e40-3d5c-49d1-bdd8-2a590e792e6c,B,sonauto-v2-2,lyria-3-30s,0.46339091658592224,0.61607426404953,B,True
68a01037-da01-4352-b874-515896420f3d,B,acestep-1.5-turbo-1.7b,sonauto-v3-preview,1.3046653270721436,0.13163253664970398,A,False
691789c9-2851-4e4c-8820-e30c0bd620d7,A,sonauto-v2-2,magenta-rt-large,1.377854824066162,0.7049896121025085,A,True
6926ae6f-0d34-4710-8953-f7439d642fa4,A,lyria-3-30s,musicgen-medium,1.2599900960922241,0.5494917035102844,A,True
6aa7acf0-5253-43f1-88ca-96fc1a5bc3c7,B,sonauto-v2-2,acestep-1.5-turbo-1.7b,1.0525062084197998,1.2175874710083008,B,True
6afa7961-e944-4c78-866e-160dfab13b61,A,elevenlabs-music-v1,acestep-1.5-turbo-1.7b,0.2817634046077728,0.8017006516456604,B,False
6c1496bc-cf6e-49bd-a52e-c270e035d662,A,sonauto-v2-2,magenta-rt-large,1.1616992950439453,0.6414148211479187,A,True
6c79c65e-d9f2-4eb8-97d5-6bf8b0ea6e09,B,lyria-3-30s,acestep-1.5-turbo-1.7b,1.3525583744049072,2.799729347229004,B,True
6cba2066-60c6-4421-965a-849771a298c1,B,acestep-1.5-turbo-1.7b,elevenlabs-music-v1,1.1404016017913818,0.7084457874298096,A,False
6cbf0cbf-430d-4882-a515-11d0f8f11166,B,elevenlabs-music-v1,acestep-1.5-turbo-1.7b,0.8332055807113647,1.5966366529464722,B,True
6d71c383-3ab6-4f27-9229-9eefee3e02fe,A,lyria-3-30s,musicgen-medium,0.9922286868095398,0.4069955348968506,A,True
6d7e14d4-55d5-43a9-8b59-1855914390b0,B,acestep-1.5-turbo-1.7b,lyria-3-30s,0.8320240378379822,1.1397831439971924,B,True
6db44362-ade9-47e1-85ab-5f1cb99b08d2,B,acestep-1.5-turbo-1.7b,sonauto-v2-2,0.9663746953010559,1.9321033954620361,B,True
6f2ba1ef-1a7a-4460-9449-904eb5ed7a58,B,acestep-1.5-turbo-1.7b,musicgen-medium,0.8402350544929504,-0.1341543197631836,A,False
70205020-4169-4d95-8116-cebcc42dbafa,B,magenta-rt-large,elevenlabs-music-v1,0.36844611167907715,0.22545954585075378,A,False
704e7b27-6a47-4ede-8568-3370ca72a270,B,elevenlabs-music-v1,acestep-1.5-turbo-1.7b,-0.5006915330886841,1.3834168910980225,B,True
70b067a5-caee-4e7a-b7b9-d8ef517bdac7,A,lyria-3-30s,acestep-1.5-turbo-1.7b,0.8483265042304993,2.664323568344116,B,False
70bc0c44-0da5-46e0-8061-7537647ffab0,A,acestep-1.5-turbo-1.7b,elevenlabs-music-v1,2.109267234802246,0.976311981678009,A,True
70d8c998-ff93-433c-9971-e30e3947d031,B,sonauto-v2-2,lyria-3-pro-preview,0.864522397518158,1.570575475692749,B,True
70daa996-2e09-4cd1-82d2-7de7669f8d3a,A,sonauto-v3-preview,lyria-3-30s,2.146249532699585,1.2678768634796143,A,True
7229ffe2-7509-4bce-9de6-77a892b70375,B,acestep-1.5-turbo-1.7b,lyria-3-30s,0.2278767228126526,0.9302892088890076,B,True
7234d2b0-c0bc-4e32-919f-ab78e0f16820,B,magenta-rt-large,sonauto-v2-2,0.4210779070854187,0.18427294492721558,A,False
723839ee-59f8-4152-af04-261b24e9d66d,A,sonauto-v2-2,magenta-rt-large,0.8532628417015076,0.7453112006187439,A,True
7284610e-1820-4cd7-bf63-1daa442c49d2,A,lyria-3-30s,acestep-1.5-turbo-1.7b,1.195986032485962,1.3852885961532593,B,False
72aa8735-60b6-409a-978f-b517284f54f6,A,lyria-3-30s,magenta-rt-large,1.3951497077941895,0.5058494210243225,A,True
72cf4811-2438-42d5-83de-c52aa2f1250d,A,elevenlabs-music-v1,sonauto-v2-2,-0.6618114113807678,0.5646204948425293,B,False
72ef91c2-9ff0-40cf-b9d7-13d136bdbb77,A,elevenlabs-music-v1,lyria-3-30s,1.4979066848754883,0.7355419993400574,A,True
740fabc3-94d9-4c90-b8ef-21c843a36b39,A,sonauto-v2-2,lyria-3-30s,1.2024577856063843,1.6837670803070068,B,False
743de932-c6aa-4a94-b52c-9a1a10401c76,B,sonauto-v3-preview,lyria-3-30s,1.2425200939178467,1.450789451599121,B,True
7477ca66-34d6-48d8-b47f-181699191500,B,sonauto-v2-2,magenta-rt-large,0.5592225790023804,0.7719916105270386,B,True
74baa4d1-4b2c-4761-a0f1-04c97805363d,A,lyria-3-30s,elevenlabs-music-v1,2.2672841548919678,0.8105977177619934,A,True
755bf569-1910-4ea2-b226-c40275c94c1e,A,elevenlabs-music-v1,sonauto-v2-2,-1.514967918395996,0.21111881732940674,B,False
7685d5d2-c679-4005-aab0-90d4ceada52c,A,lyria-3-30s,elevenlabs-music-v1,1.0506813526153564,0.5867771506309509,A,True
76e58430-193b-4d20-b7a9-7e932ee8e63c,A,lyria-3-30s,sonauto-v2-2,1.427807331085205,1.2739756107330322,A,True
78728c5a-c882-4c80-9d6f-9fa08085e83b,B,elevenlabs-music-v1,sonauto-v3-preview,1.067089319229126,0.6641381978988647,A,False
7934c2c3-bcfb-4786-86ab-5d2ab810e9f1,B,elevenlabs-music-v1,sonauto-v2-2,0.2076232135295868,1.5814409255981445,B,True
79523ea5-f0f8-4481-a25f-707f8841a8d8,A,lyria-3-pro-preview,sonauto-v2-2,2.8217804431915283,2.0300955772399902,A,True
79cccfde-b640-4be5-93c9-c31e99c7adb5,B,sonauto-v2-2,lyria-3-30s,1.1304090023040771,1.024120807647705,A,False
7a0aa0ab-61ee-42f0-829f-e2b37f6b0f9f,B,lyria-3-30s,acestep-1.5-turbo-1.7b,0.8618221879005432,0.8265178799629211,A,False
7b861b7c-a7a6-494e-acb1-c289eb7c4b89,B,musicgen-medium,elevenlabs-music-v1,-0.3808304965496063,0.3564535677433014,B,True
7bd8e8f5-219e-40a6-8482-21f03848baae,A,lyria-3-30s,sonauto-v3-preview,1.3807271718978882,1.1233923435211182,A,True
7bdc5539-1e7a-4010-b7f0-e0e783e449f0,B,sonauto-v3-preview,acestep-1.5-turbo-1.7b,-0.9253699779510498,0.6490440964698792,B,True
7c5d3cab-8758-461c-91a1-c1a43050b76a,B,acestep-1.5-turbo-1.7b,lyria-3-30s,2.093613862991333,1.8477839231491089,A,False
7caa08dc-f1b0-4215-92a0-2b6722e70b2d,B,lyria-3-30s,elevenlabs-music-v1,0.882626473903656,0.8795756697654724,A,False
7e4e9eaa-cc5e-4d4e-aa83-f7b698a13a7a,A,elevenlabs-music-v1,magenta-rt-large,1.5286093950271606,1.1349278688430786,A,True
7e74c302-7fa5-43e5-83b4-14efd6a69e57,B,elevenlabs-music-v1,lyria-3-30s,1.0264023542404175,1.5079562664031982,B,True
7ef21bb3-5e54-447a-93a7-2994972b5493,A,elevenlabs-music-v1,musicgen-medium,0.041836388409137726,0.08939333260059357,B,False
7f1c029b-d71a-41e9-a878-9ff423439496,A,sonauto-v3-preview,sonauto-v2-2,0.8251765966415405,1.4643926620483398,B,False
7f8b0579-9179-4a83-99b7-ab2e5c259916,B,acestep-1.5-turbo-1.7b,elevenlabs-music-v1,1.6090724468231201,0.7650503516197205,A,False
7fe32602-199e-4afc-bbdd-a40a7dba7a6a,A,sonauto-v3-preview,acestep-1.5-turbo-1.7b,1.1732738018035889,1.9011955261230469,B,False
801d5405-33c6-4901-a716-9b2bb90b91ad,B,magenta-rt-large,lyria-3-30s,0.3337947428226471,1.3325430154800415,B,True
805a6ff4-77cf-4a84-bb13-f35f78ef5cd3,B,musicgen-medium,elevenlabs-music-v1,-0.01565895974636078,-1.2430397272109985,A,False
809657ab-5c7e-4690-9d08-62b8d53812da,A,elevenlabs-music-v1,lyria-3-30s,0.6800547242164612,1.577314853668213,B,False
81848aaa-07d1-4265-926d-4c944603b906,A,sonauto-v2-2,lyria-3-30s,1.197173833847046,1.0918419361114502,A,True
81cf55f9-6ceb-4db1-be55-e32be1d36233,A,sonauto-v2-2,elevenlabs-music-v1,0.5433135628700256,-0.1683909296989441,A,True
81e16bd3-0a8c-4f90-b2f5-2ad7f6c57f1e,B,elevenlabs-music-v1,sonauto-v3-preview,0.8457201719284058,1.155264139175415,B,True
82041acf-eaa8-4428-9658-eb21f9ed04f8,A,musicgen-medium,sonauto-v3-preview,-0.06823473423719406,0.8459511399269104,B,False
82350194-7b72-413f-8424-1625a4e81e1e,A,acestep-1.5-turbo-1.7b,elevenlabs-music-v1,0.8631185293197632,1.283437728881836,B,False
824f6614-2e86-48bf-bde9-f29c2b82802c,B,magenta-rt-large,lyria-3-30s,0.7858276963233948,0.7159772515296936,A,False
82a6ec68-62e9-40d2-8d36-ce316b1de5a9,B,elevenlabs-music-v1,sonauto-v2-2,1.0615900754928589,1.38314950466156,B,True
82db4fec-0fa5-48a6-be85-b9da13e7febe,A,sonauto-v2-2,elevenlabs-music-v1,0.9411817193031311,0.7992948889732361,A,True
839b8968-3d9d-4958-8631-0913e314ec62,B,magenta-rt-large,elevenlabs-music-v1,0.32172778248786926,0.37169691920280457,B,True
844054a5-02c0-4a1d-b0aa-3f0522748045,A,acestep-1.5-turbo-1.7b,elevenlabs-music-v1,2.430978298187256,0.9379909634590149,A,True
85579317-b4dc-49e2-8898-989e18d15172,A,musicgen-medium,acestep-1.5-turbo-1.7b,-0.33288612961769104,0.3196958005428314,B,False
85d2adf6-5d95-4343-a754-8b9d7a65b225,B,lyria-3-30s,acestep-1.5-turbo-1.7b,1.5327045917510986,2.018018960952759,B,True
85ddafb3-6be6-4f48-8447-6e133f2c1646,B,lyria-3-30s,sonauto-v3-preview,0.6048126816749573,0.7696653008460999,B,True
861b4ddf-d141-4f4f-958d-f508e95e3b05,B,sonauto-v2-2,elevenlabs-music-v1,0.5810554623603821,1.3022350072860718,B,True
86327116-6437-4de6-a540-67752aa7d333,B,lyria-3-30s,sonauto-v3-preview,0.715570867061615,0.5786325931549072,A,False
864e9287-6d83-44d2-915c-ad97c8ac9eb1,B,sonauto-v2-2,elevenlabs-music-v1,0.6106958985328674,0.7753596901893616,B,True
86d20677-bbfc-4df2-a033-2a02bfe0a981,A,sonauto-v3-preview,lyria-3-30s,1.4856245517730713,1.6273720264434814,B,False
87a509f3-70b6-41e3-bd28-3ef10f2daf3b,A,elevenlabs-music-v1,musicgen-medium,-1.4096612930297852,-1.7202014923095703,A,True
87f3975f-7778-4891-816d-42996d27f402,B,acestep-1.5-turbo-1.7b,elevenlabs-music-v1,1.5559974908828735,1.3092199563980103,A,False
8838b845-86b8-4b01-9e67-38d9f4e8d6f7,B,lyria-3-30s,sonauto-v3-preview,0.6460792422294617,0.763863205909729,B,True
88c16be7-97cf-41da-b0aa-2c98fe8c7860,A,sonauto-v2-2,acestep-1.5-turbo-1.7b,1.3690598011016846,0.7725202441215515,A,True
89624305-7811-4fae-a6bf-1c36eea6da8c,A,elevenlabs-music-v1,acestep-1.5-turbo-1.7b,-0.9205181002616882,0.3359197974205017,B,False
89675365-64c3-4e1c-8f52-b690dc67a336,A,elevenlabs-music-v1,magenta-rt-large,0.017628636211156845,-0.09142877906560898,A,True
8a1417d4-a197-424d-ace2-a54c77595148,B,lyria-3-30s,sonauto-v3-preview,1.3855128288269043,2.072364091873169,B,True
8aeb6e4d-c6ed-49c7-926d-de7211869346,B,magenta-rt-large,elevenlabs-music-v1,0.5858548879623413,0.3062874972820282,A,False
8b19520d-8dbf-48f9-877e-096631e5bdfb,A,lyria-3-30s,elevenlabs-music-v1,0.8328717350959778,0.9154258370399475,B,False
8bdf9988-dcd1-41f7-99c7-fea581aa0c94,B,lyria-3-30s,elevenlabs-music-v1,1.079001545906067,0.7914875149726868,A,False
8bedc3e6-327d-4904-b188-fc19f81a0b4d,B,elevenlabs-music-v1,sonauto-v2-2,-1.3713457584381104,1.2141402959823608,B,True
8c036076-264d-4d44-bfc5-978825690a89,B,lyria-3-pro-preview,lyria-3-30s,0.29560044407844543,1.3157416582107544,B,True
8cf357f0-94b6-471b-a911-9b43e4fd04a9,B,lyria-3-30s,sonauto-v3-preview,1.6701594591140747,1.4589061737060547,A,False
8de9df01-e3ac-40a3-ad8a-14e3a0636008,B,magenta-rt-large,elevenlabs-music-v1,0.6516988277435303,1.043601632118225,B,True
8e2f42ec-51db-404b-818f-b6345a9ab2b0,A,elevenlabs-music-v1,acestep-1.5-turbo-1.7b,1.4336929321289062,2.300388813018799,B,False
8e48b396-1bca-4368-8df8-44d980b7b6d2,A,acestep-1.5-turbo-1.7b,lyria-3-30s,1.5493764877319336,1.818597674369812,B,False
8e5a13eb-e3af-47da-a7a1-64ca4ce2aab6,B,acestep-1.5-turbo-1.7b,lyria-3-30s,0.7155665755271912,0.9613887071609497,B,True
8f7cea2e-154e-49df-993f-6f04703ba926,A,elevenlabs-music-v1,musicgen-medium,0.8242888450622559,0.19523224234580994,A,True
904f01ba-54ce-4d3d-8233-031f90a5e0da,B,acestep-1.5-turbo-1.7b,sonauto-v2-2,0.4818170964717865,0.9676768183708191,B,True
90bd9fa1-d597-46c1-afe6-9cbdd667ee22,A,acestep-1.5-turbo-1.7b,elevenlabs-music-v1,0.8133147358894348,0.8078872561454773,A,True
90ea2109-c8ab-4632-a82a-03dd2b3f389d,A,lyria-3-pro-preview,sonauto-v2-2,3.211768388748169,1.688340425491333,A,True
92894c53-7a5c-4dfb-ad31-a6c860d161b7,B,acestep-1.5-turbo-1.7b,sonauto-v3-preview,1.2141170501708984,0.7565222382545471,A,False
92c390b3-1e06-463c-872d-38ba82ded873,B,lyria-3-30s,sonauto-v2-2,1.2551051378250122,1.729264736175537,B,True
92de2dc6-a5c7-45ac-a827-b568144030a1,B,elevenlabs-music-v1,magenta-rt-large,1.3108103275299072,0.9964409470558167,A,False
9306c6e5-e6fe-4192-8700-2405288db856,B,lyria-3-30s,elevenlabs-music-v1,1.1803652048110962,0.7518627643585205,A,False
9342b4d5-e99f-4517-82cf-c99bbcde1ed0,A,elevenlabs-music-v1,sonauto-v2-2,0.6142686009407043,1.2114232778549194,B,False
94687b1b-91ce-4ea0-8d5f-c3a33cc38f45,B,elevenlabs-music-v1,lyria-3-30s,0.9467791318893433,1.4298319816589355,B,True
94c95f9a-fd62-4f8b-a0fd-b35567681e61,B,sonauto-v3-preview,lyria-3-30s,-0.6388500332832336,1.1111688613891602,B,True
94f9996e-a01b-42ff-8cfb-135770a9fbfb,B,lyria-3-pro-preview,sonauto-v2-2,0.8167064785957336,0.6009466052055359,A,False
950ae8e7-0130-4902-8d31-c38772e2307f,A,elevenlabs-music-v1,lyria-3-30s,-0.9459165930747986,1.9338502883911133,B,False
9560618a-cb2c-4176-9353-aaede7cee658,B,sonauto-v2-2,sonauto-v3-preview,0.7811794281005859,1.3378289937973022,B,True
95b82ba2-bca9-48d6-b053-f8f19b890448,A,sonauto-v2-2,acestep-1.5-turbo-1.7b,0.6456223130226135,1.2282098531723022,B,False
95f28731-e571-4051-9e19-99d248b30c14,A,elevenlabs-music-v1,acestep-1.5-turbo-1.7b,1.2562503814697266,1.0524216890335083,A,True
96294f1c-0765-4b83-b97b-490125553d4c,A,sonauto-v3-preview,acestep-1.5-turbo-1.7b,0.22952905297279358,0.8941931128501892,B,False
96481b91-32a8-474e-93c2-274ebaa058b7,A,sonauto-v2-2,magenta-rt-large,0.6459547281265259,1.2798569202423096,B,False
9655da05-2174-4b29-8e8e-1ff1da7068af,B,magenta-rt-large,musicgen-medium,1.048770546913147,0.29133322834968567,A,False
9732a699-b91f-4e88-897b-45efe7167667,B,lyria-3-30s,acestep-1.5-turbo-1.7b,0.771956205368042,1.6501946449279785,B,True
98ded61b-7c05-4a41-976e-aedd56fed5bb,A,sonauto-v3-preview,elevenlabs-music-v1,0.820806622505188,0.6289278864860535,A,True
98f50824-da9d-4029-b2b5-d7cef0200b84,A,lyria-3-30s,magenta-rt-large,1.3000164031982422,1.5815701484680176,B,False
994c0bc4-d9c8-455a-922f-1968a3c589db,A,lyria-3-30s,acestep-1.5-turbo-1.7b,1.7219120264053345,1.6638970375061035,A,True
9959a67d-aa56-443c-9e94-06bfa3e3e851,B,sonauto-v2-2,elevenlabs-music-v1,0.33000385761260986,0.32479166984558105,A,False
9978e6b2-d6c8-48e5-8edc-de868061cceb,B,magenta-rt-large,lyria-3-30s,0.534365713596344,0.8588158488273621,B,True
99919028-5324-431a-8111-108a09553a63,A,lyria-3-30s,acestep-1.5-turbo-1.7b,1.2526283264160156,0.6059145331382751,A,True
999436dc-79a3-485b-8b14-6b14215f0bcc,B,sonauto-v2-2,sonauto-v3-preview,1.0608189105987549,1.5847976207733154,B,True
9a0c4fb7-a1fc-4b18-b8fb-18956bd6bffe,A,elevenlabs-music-v1,acestep-1.5-turbo-1.7b,0.8050283789634705,1.3100910186767578,B,False
9afdb801-0178-42e4-9603-223c356d7104,A,elevenlabs-music-v1,magenta-rt-large,1.1952972412109375,0.6759005188941956,A,True
9ba33958-afef-4465-9b17-aae4bedc45d5,B,elevenlabs-music-v1,sonauto-v3-preview,0.0732860267162323,0.24611377716064453,B,True
9ba59f13-9ac0-4b25-8946-a0629a9d2bfe,A,lyria-3-30s,sonauto-v2-2,1.117888331413269,1.109659194946289,A,True
9c74c25a-fc52-4574-b114-39b96ec6da23,B,lyria-3-30s,musicgen-medium,0.4741899073123932,0.6126924157142639,B,True
9cc2d2e4-e0ac-4a43-b3d7-c6c9ec55311d,B,sonauto-v2-2,lyria-3-30s,0.9700388312339783,1.1521302461624146,B,True
9d092185-35b6-45e1-8280-4231ee7be1dc,B,sonauto-v2-2,elevenlabs-music-v1,1.0683369636535645,1.1128160953521729,B,True
9d7d08a2-8870-4dec-8fd1-f02152ab17b6,A,sonauto-v2-2,magenta-rt-large,1.063857078552246,0.1388043463230133,A,True
9e5dd4c9-b169-48ab-8ebe-3cd53a17b467,B,sonauto-v2-2,lyria-3-30s,1.1217787265777588,1.0033620595932007,A,False
9f2db00d-5384-47ed-96ef-b19d7359f0be,A,elevenlabs-music-v1,sonauto-v3-preview,0.23132538795471191,-0.11706101149320602,A,True
9f435069-f07f-4e83-a1a4-20cf9f379f8a,A,lyria-3-30s,sonauto-v3-preview,0.9684824347496033,1.1396360397338867,B,False
a007e8dd-ff4f-4861-b7ce-f28f404d2741,A,elevenlabs-music-v1,sonauto-v3-preview,0.8909927010536194,1.0007909536361694,B,False
a03418ba-4b1b-41af-b958-b38115815623,B,acestep-1.5-turbo-1.7b,lyria-3-30s,0.7604168057441711,1.538172721862793,B,True
a043d73b-b45f-4043-abf3-2027f92ad0ca,B,elevenlabs-music-v1,acestep-1.5-turbo-1.7b,0.782105028629303,1.6894999742507935,B,True
a0a4890a-b194-4028-8ee5-c4308a3af44b,B,elevenlabs-music-v1,sonauto-v2-2,0.374807745218277,-0.19494101405143738,A,False
a0d2d81e-4350-4b21-92bc-aae625780c5d,A,sonauto-v2-2,elevenlabs-music-v1,-0.7586767077445984,0.2644847333431244,B,False
a1289528-4009-4f94-8ea6-1a607e720abe,B,sonauto-v2-2,lyria-3-30s,1.1520177125930786,2.064598798751831,B,True
a16d4d28-696c-4e2d-b603-fd40d0cb106a,B,musicgen-medium,elevenlabs-music-v1,0.19511020183563232,1.22713041305542,B,True
a1bf8817-300e-41fc-982f-4c1a2b8033ff,A,lyria-3-30s,sonauto-v2-2,0.9309324622154236,0.0029787681996822357,A,True
a21e58ba-c7d2-4086-a82a-bacb26ee588a,A,acestep-1.5-turbo-1.7b,sonauto-v3-preview,2.028244972229004,1.1729886531829834,A,True
a2736cda-a955-45bb-be4f-9cb1214f3536,A,elevenlabs-music-v1,lyria-3-30s,1.1888704299926758,1.724106788635254,B,False
a3545615-40e8-44a0-8e3a-e00473ca0bc0,A,sonauto-v3-preview,elevenlabs-music-v1,1.7897448539733887,0.5243533849716187,A,True
a3593f05-9370-4a94-8964-dc702b4981e1,A,lyria-3-30s,acestep-1.5-turbo-1.7b,1.197056531906128,0.8408397436141968,A,True
a3af935a-8524-4a2a-9746-0fc8cac6f36d,A,elevenlabs-music-v1,sonauto-v2-2,-0.2821747362613678,1.0410197973251343,B,False
a3bd40e5-7b0a-4ac3-9c84-8cb581042c26,A,lyria-3-30s,sonauto-v2-2,1.1539486646652222,0.9381164312362671,A,True
a3ce59cd-be21-4c28-a49a-8458f509c47c,A,acestep-1.5-turbo-1.7b,elevenlabs-music-v1,1.4441877603530884,0.5356848835945129,A,True
a3e83471-2406-48cf-9261-eba88949a416,A,elevenlabs-music-v1,lyria-3-pro-preview,1.6343927383422852,2.7507948875427246,B,False
a3ed23f3-9235-4af1-a28e-ecfb457039d5,B,elevenlabs-music-v1,lyria-3-30s,1.3013310432434082,1.9205234050750732,B,True
a434931b-18d2-4839-a481-cd2688663b72,B,lyria-3-30s,musicgen-medium,1.8932750225067139,0.5602038502693176,A,False
a58b0cdb-77dc-485e-89f5-02997977cef0,B,elevenlabs-music-v1,sonauto-v2-2,0.4095093905925751,0.7189403772354126,B,True
a59a5fd2-a882-49b5-bc08-b3c23dde9974,B,acestep-1.5-turbo-1.7b,elevenlabs-music-v1,-0.04030939191579819,1.9006118774414062,B,True
a66ef21d-c461-49aa-9b5a-d0f3376aa99c,A,sonauto-v2-2,lyria-3-30s,0.523627758026123,0.4283337891101837,A,True
a6ad7e2a-183f-4ebf-b9e4-51ee1684f048,A,lyria-3-pro-preview,sonauto-v2-2,2.1072003841400146,0.3809264600276947,A,True
a6c0fc2d-a8ac-4ce7-825d-51f06e1f9d5e,A,lyria-3-30s,sonauto-v2-2,1.2446684837341309,1.1713769435882568,A,True
a769afcd-4e04-4f06-b6d2-02305282d5cd,B,sonauto-v2-2,musicgen-medium,0.9552899599075317,0.1327580362558365,A,False
a795f6af-4e2d-4f7f-84aa-ad9846415d62,B,acestep-1.5-turbo-1.7b,elevenlabs-music-v1,0.6823353171348572,1.4092737436294556,B,True
a8407990-b002-40bd-abb9-85e0a4ced235,B,sonauto-v3-preview,lyria-3-30s,2.1078221797943115,2.367528200149536,B,True
a8ce8c2a-8cd3-493e-b27f-32e944672f26,B,lyria-3-30s,sonauto-v2-2,1.6389026641845703,0.3609097898006439,A,False
a8f5f633-0e87-4827-b6b7-4681994c6d30,A,lyria-3-pro-preview,acestep-1.5-turbo-1.7b,1.7266411781311035,1.5584814548492432,A,True
a978186c-a679-4ee8-9312-e6b08b31118c,A,acestep-1.5-turbo-1.7b,sonauto-v3-preview,0.19224676489830017,1.8547098636627197,B,False
a9f45b80-590b-468d-bbc7-bd465433f222,B,acestep-1.5-turbo-1.7b,elevenlabs-music-v1,0.9544997811317444,-0.10196750611066818,A,False
aa04f47b-7acb-4c49-a46b-65fa9a0940c3,B,acestep-1.5-turbo-1.7b,lyria-3-30s,1.4133532047271729,0.8301535844802856,A,False
aad2f971-4fd3-4cfe-bded-7339652cf22b,B,magenta-rt-large,lyria-3-30s,0.427012175321579,0.9187145829200745,B,True
abd8f282-f128-44a8-8127-a560addcfa81,B,acestep-1.5-turbo-1.7b,sonauto-v3-preview,2.120222330093384,0.9581840634346008,A,False
ac93fd39-34a3-4761-8681-44ae79ebd502,B,lyria-3-30s,elevenlabs-music-v1,0.6263856887817383,0.7276677489280701,B,True
ad6f0a25-b604-45d9-949a-711ebb4ece5d,A,sonauto-v2-2,acestep-1.5-turbo-1.7b,0.9905941486358643,1.5671969652175903,B,False
ae0fadc5-b0b5-4e04-bb96-7ed2214e5b32,A,sonauto-v2-2,musicgen-medium,1.586809754371643,0.03420369327068329,A,True
ae512a20-ef1e-4f10-b831-6eeda8230dca,A,acestep-1.5-turbo-1.7b,lyria-3-30s,2.189509153366089,1.9938212633132935,A,True
ae51be9f-4ddb-4926-9a32-843bf92c7f3c,B,acestep-1.5-turbo-1.7b,sonauto-v3-preview,1.5098350048065186,0.5175091028213501,A,False
ae80173b-e9e7-4274-8d33-82677a3fced0,B,acestep-1.5-turbo-1.7b,elevenlabs-music-v1,0.8727359175682068,0.5966994166374207,A,False
aeb94022-a349-4ad0-811c-46f1f1c14904,B,elevenlabs-music-v1,lyria-3-30s,0.9331430196762085,1.2544142007827759,B,True
aecac70d-d150-4b99-991f-e78eff5989f0,B,acestep-1.5-turbo-1.7b,lyria-3-pro-preview,1.3762072324752808,1.5795034170150757,B,True
aecd64eb-beb4-46a2-ac96-4d82608d9d22,A,sonauto-v2-2,elevenlabs-music-v1,0.3274526298046112,0.6068137884140015,B,False
aee0b7aa-6f14-43db-9468-bb1416751851,A,musicgen-medium,sonauto-v2-2,-0.2288382351398468,0.2222069799900055,B,False
af9c59b2-aae1-4355-8f93-c0b56513d8d2,A,sonauto-v3-preview,sonauto-v2-2,1.5530462265014648,0.3938421905040741,A,True
aff89ebc-eaaa-4869-a920-b7301c50b671,A,lyria-3-30s,acestep-1.5-turbo-1.7b,0.7638096213340759,2.098750591278076,B,False
b127042d-0929-4927-8904-8212ef2839df,B,elevenlabs-music-v1,lyria-3-30s,0.13729220628738403,1.3758838176727295,B,True
b24e61c3-e835-4605-8c74-843e01c3bc71,B,sonauto-v2-2,acestep-1.5-turbo-1.7b,0.8677263855934143,1.2877404689788818,B,True
b27ab74e-795e-4750-b949-0af209cf3ec2,A,elevenlabs-music-v1,lyria-3-30s,0.8405367732048035,1.504787802696228,B,False
b2ab76ff-0bec-4466-9030-4e4142a2bd23,A,elevenlabs-music-v1,sonauto-v3-preview,0.2910533845424652,0.09108833968639374,A,True
b3f00b2f-e03c-489d-b82a-edbdea5d6e08,A,lyria-3-30s,acestep-1.5-turbo-1.7b,1.4613335132598877,2.171375274658203,B,False
b48f5cff-6973-4fab-9aa1-2ec8e928ac5e,B,elevenlabs-music-v1,sonauto-v2-2,-0.41982975602149963,0.23222163319587708,B,True
b519cce3-3e38-4da8-aa02-da3679c26d9d,B,elevenlabs-music-v1,lyria-3-30s,0.6201075315475464,2.2148187160491943,B,True
b5651d6c-82ab-47af-9895-f52ca5a8a522,B,magenta-rt-large,elevenlabs-music-v1,0.4049156606197357,0.48241642117500305,B,True
b6115850-2724-4b14-acc0-aef0aa5e35d3,A,acestep-1.5-turbo-1.7b,lyria-3-30s,2.1061127185821533,2.235102891921997,B,False
b667ab16-c078-4153-af26-d66d7450fb45,A,acestep-1.5-turbo-1.7b,magenta-rt-large,1.0242301225662231,0.7344719767570496,A,True
b69d457d-369b-4ac1-8e83-12020b87b364,B,acestep-1.5-turbo-1.7b,elevenlabs-music-v1,0.8050794005393982,0.3607572317123413,A,False
b6e5435c-8290-471b-82f2-1fa94a73f873,B,musicgen-medium,elevenlabs-music-v1,0.14874166250228882,0.8711860775947571,B,True
b78c352e-655a-4c6d-967b-8aca50e92e30,A,sonauto-v2-2,magenta-rt-large,0.8734017610549927,-0.7596476078033447,A,True
b7ce492b-80e3-424d-ae8c-b3aeeb8f7ff8,B,acestep-1.5-turbo-1.7b,lyria-3-30s,0.8390268683433533,1.352490782737732,B,True
b7f5bba7-9300-4b89-b8a4-82cc7b56f744,A,elevenlabs-music-v1,musicgen-medium,0.2571254372596741,0.3274080455303192,B,False
b86e61f6-eced-45d0-9d44-ef53b00aa5f9,A,lyria-3-30s,sonauto-v2-2,1.3121483325958252,1.6011488437652588,B,False
b967630f-350a-43e5-aff4-e4c0f766e9f1,A,sonauto-v2-2,acestep-1.5-turbo-1.7b,1.5586354732513428,1.712792992591858,B,False
b992edc9-dcb1-4b3f-92db-4c06f279bb33,B,acestep-1.5-turbo-1.7b,elevenlabs-music-v1,0.022675994783639908,-1.095814824104309,A,False
ba2ee97e-4d55-470c-a1bf-512ff02e0997,B,musicgen-medium,acestep-1.5-turbo-1.7b,0.3303757607936859,1.2418029308319092,B,True
ba325683-3241-4120-a688-9cb5550dbf04,B,lyria-3-30s,musicgen-medium,0.8129892349243164,0.1837744116783142,A,False
ba83b3aa-1c95-4034-a501-4288eee86f01,B,acestep-1.5-turbo-1.7b,sonauto-v2-2,1.5755748748779297,0.4637877941131592,A,False
ba8b9142-c869-454f-a681-177ef2955c96,B,magenta-rt-large,musicgen-medium,-0.895210325717926,-0.12965074181556702,B,True
baa1dc99-447e-4456-ad2a-04cdc5af5078,A,sonauto-v2-2,sonauto-v3-preview,0.32626137137413025,0.7486847043037415,B,False
baafe825-ed36-4ecd-adb2-9239cef40963,A,elevenlabs-music-v1,magenta-rt-large,1.0439770221710205,0.3790046274662018,A,True
bafa5288-8604-4c67-86c5-9c7d95a6baf5,B,sonauto-v2-2,acestep-1.5-turbo-1.7b,0.7788364291191101,1.049105167388916,B,True
bb289fd5-5217-4078-9fc3-26c44e1e02ec,B,sonauto-v2-2,lyria-3-30s,1.7425034046173096,1.1104545593261719,A,False
bbcd2a90-e971-498d-8b99-9224d4778220,A,acestep-1.5-turbo-1.7b,sonauto-v2-2,0.44452598690986633,0.46952590346336365,B,False
bbf76abf-2387-45a7-a71a-cd53205f6e17,A,lyria-3-30s,musicgen-medium,0.7173718810081482,1.0597686767578125,B,False
bc052123-e99a-4782-9db3-18db344e796f,A,sonauto-v2-2,elevenlabs-music-v1,0.48982158303260803,0.39382144808769226,A,True
bd50ead4-6373-467a-909c-ed38e4baeee1,A,acestep-1.5-turbo-1.7b,sonauto-v2-2,2.2694504261016846,1.2861815690994263,A,True
bdc9546f-9f07-44df-bb7a-a6d7c841bab3,B,sonauto-v3-preview,acestep-1.5-turbo-1.7b,0.6383630037307739,1.0403807163238525,B,True
be7ba78c-a80d-47c0-9878-d6b86373f4c3,B,acestep-1.5-turbo-1.7b,lyria-3-30s,1.7163504362106323,1.0950028896331787,A,False
bf0ece8e-e9a0-4b7d-9772-a4807a6255e5,B,lyria-3-30s,musicgen-medium,1.6981170177459717,0.27673855423927307,A,False
bf3a55c7-cb5d-4ef5-b0ed-1902fab9d3e9,B,sonauto-v2-2,musicgen-medium,0.9426490664482117,-1.2534830570220947,A,False
bfadb781-1acd-4485-82bb-fc6ff4cc5fe2,B,sonauto-v2-2,acestep-1.5-turbo-1.7b,0.921995222568512,1.4544939994812012,B,True
c00d6a48-830b-4de7-8c1f-f58d56e3827e,B,lyria-3-30s,sonauto-v2-2,1.7749477624893188,1.349424123764038,A,False
c040eb6e-383b-4a50-8e2e-1e813ed5ff82,B,elevenlabs-music-v1,lyria-3-pro-preview,0.7463169097900391,2.1618869304656982,B,True
c09ffa13-4781-4316-b89b-744e4f33c63b,B,sonauto-v2-2,sonauto-v3-preview,0.8135411143302917,1.1740142107009888,B,True
c0be61ba-b1ba-45a2-9ffa-4b47ae890457,A,elevenlabs-music-v1,sonauto-v2-2,0.3284861743450165,-3.7347488403320312,A,True
c0c29c51-3be9-4d66-b129-b803f8bbb140,B,lyria-3-30s,sonauto-v3-preview,0.8753277063369751,1.1524425745010376,B,True
c0c77603-e3ea-4661-ba5a-7f7f32df7323,B,musicgen-medium,sonauto-v2-2,-0.3315049707889557,0.9419264197349548,B,True
c0ecff7d-8a00-48b7-8aa8-7dd7bcd91d79,B,sonauto-v2-2,acestep-1.5-turbo-1.7b,0.8753796219825745,1.8399581909179688,B,True
c15d3234-b50c-4e96-8250-aa8533f5ea6f,A,acestep-1.5-turbo-1.7b,elevenlabs-music-v1,1.1180404424667358,0.6806141138076782,A,True
c17c355f-fdaf-431d-8bf9-80a34149c382,B,sonauto-v2-2,lyria-3-pro-preview,0.9523348212242126,2.3670215606689453,B,True
c19cfab4-3a9a-4dcd-9d32-21cc33698fd6,A,acestep-1.5-turbo-1.7b,sonauto-v2-2,0.9286521077156067,0.7253054976463318,A,True
c20b08df-9547-4501-8e84-154cb4603aed,B,magenta-rt-large,lyria-3-30s,0.8420326709747314,0.7417652606964111,A,False
c23be7e2-c852-4995-8197-2c3cbefdf4ee,A,sonauto-v3-preview,acestep-1.5-turbo-1.7b,1.1424171924591064,1.244511604309082,B,False
c256e528-08e3-4b97-b849-cfcd58dcec56,B,sonauto-v3-preview,lyria-3-30s,0.776781439781189,1.2521014213562012,B,True
c2be0c60-b91c-4f36-80c3-f705a3fc4b36,B,acestep-1.5-turbo-1.7b,lyria-3-30s,2.072373151779175,1.4353489875793457,A,False
c3815312-ed18-463d-99ed-eb98e34b3bf0,B,elevenlabs-music-v1,sonauto-v2-2,0.7296223640441895,1.0459474325180054,B,True
c45aaf4b-b772-459e-a85c-291bdbe991da,A,lyria-3-30s,musicgen-medium,0.5212315320968628,0.7602786421775818,B,False
c4b21f33-b107-4ac7-b1aa-8501cf78858c,B,acestep-1.5-turbo-1.7b,sonauto-v3-preview,1.8347816467285156,1.0290292501449585,A,False
c4c9fd98-e4d8-495f-8961-1f2ac4e3cd4e,B,sonauto-v3-preview,sonauto-v2-2,-0.12476079910993576,0.7070308327674866,B,True
c4f531c8-d4ed-42cb-9887-b40241330127,A,acestep-1.5-turbo-1.7b,elevenlabs-music-v1,0.9295523762702942,1.615439534187317,B,False
c594dbc6-0aff-4ae4-87c8-6ff57992c37d,A,lyria-3-30s,musicgen-medium,-0.12503954768180847,0.3596203327178955,B,False
c73e75d4-212f-49b1-8c05-bdc6db7bfe22,A,elevenlabs-music-v1,acestep-1.5-turbo-1.7b,1.5606883764266968,2.409935474395752,B,False
c7a33d50-c28c-4318-8646-0d4594475c3e,A,acestep-1.5-turbo-1.7b,musicgen-medium,1.037847876548767,0.163875550031662,A,True
c9578391-1489-4a2b-b7fc-f92e4a90ecdb,B,sonauto-v2-2,acestep-1.5-turbo-1.7b,0.863760232925415,0.3504563868045807,A,False
c9780d5c-7a8a-431a-a843-beecfdf91711,B,acestep-1.5-turbo-1.7b,magenta-rt-large,1.0745525360107422,1.0405919551849365,A,False
c9f156b3-49fd-43f9-9089-4fb58882a994,A,sonauto-v3-preview,acestep-1.5-turbo-1.7b,0.4415114223957062,0.9461385011672974,B,False
ca14aa64-1ed5-47f6-99cb-f1ed848df304,B,sonauto-v2-2,musicgen-medium,0.6412261724472046,0.38900625705718994,A,False
cad32018-f41d-48d9-a98b-5b62ace74de1,B,lyria-3-30s,sonauto-v2-2,0.5627061724662781,-0.32759734988212585,A,False
cb239e38-8d04-4d4c-8cc5-9882907304ed,B,elevenlabs-music-v1,lyria-3-30s,0.6900457739830017,0.9244574308395386,B,True
cb991742-3002-40f0-82e1-e4c1ccef740a,A,lyria-3-pro-preview,musicgen-medium,2.118647575378418,0.5351836681365967,A,True
cbf28787-2415-4c14-b493-4ad1bf4e664f,B,acestep-1.5-turbo-1.7b,sonauto-v2-2,0.7882019877433777,0.9152044653892517,B,True
cc24d853-9ebf-4bb2-b849-ed041319774b,B,magenta-rt-large,lyria-3-30s,0.5657917857170105,0.7382410168647766,B,True
cc44aa01-3a5a-4522-8649-7cf570f3f2ea,A,magenta-rt-large,musicgen-medium,0.5735215544700623,-1.5548226833343506,A,True
cc8bf0c7-587a-4188-8a47-b9946fa640a3,A,sonauto-v2-2,acestep-1.5-turbo-1.7b,-0.4687596261501312,0.2962993085384369,B,False
ccccd04d-b5a3-430d-a900-5a2a4799876d,B,acestep-1.5-turbo-1.7b,elevenlabs-music-v1,1.654672622680664,0.880996584892273,A,False
cd42e717-3c94-4a30-92c8-3a573beba919,B,lyria-3-30s,magenta-rt-large,1.0447795391082764,0.3786109387874603,A,False
cd4f6995-b5c5-4998-9a37-c59c4c78f943,A,musicgen-medium,elevenlabs-music-v1,0.3251229226589203,0.7289643287658691,B,False
cd6e0c20-4adf-4208-b46f-388c08a639d0,B,elevenlabs-music-v1,acestep-1.5-turbo-1.7b,0.2789708971977234,0.3332114517688751,B,True
cdd529f9-8b7f-4bc6-994c-4d524e0eb0bd,B,sonauto-v2-2,acestep-1.5-turbo-1.7b,0.4798399806022644,1.000053882598877,B,True
cfc8284a-a9f2-42ac-9d55-9d0e99f4735c,B,musicgen-medium,lyria-3-30s,0.09492794424295425,1.9339828491210938,B,True
d06a2442-5af0-4f8a-8697-9d400db12abd,A,lyria-3-30s,acestep-1.5-turbo-1.7b,1.7794899940490723,2.2784783840179443,B,False
d0cefb2a-5c88-40d5-a254-257aee638918,B,sonauto-v3-preview,elevenlabs-music-v1,0.4671838581562042,0.8693094849586487,B,True
d0f6809a-9819-4aa0-8f9e-d3fefb5a1f95,A,lyria-3-pro-preview,acestep-1.5-turbo-1.7b,2.2823665142059326,1.249300241470337,A,True
d21c1996-50d6-49f8-85f0-165aebde29bf,B,sonauto-v3-preview,elevenlabs-music-v1,-1.170423984527588,1.1967079639434814,B,True
d28206fc-9c7b-4485-a213-90df109b6c24,A,sonauto-v3-preview,sonauto-v2-2,-0.48214349150657654,0.24926415085792542,B,False
d34e0ac8-c0e7-470a-82eb-8607f5cb22d8,A,elevenlabs-music-v1,magenta-rt-large,0.972652018070221,0.6362910270690918,A,True
d3bd8f3e-3b0f-4cca-82e1-f2b22b25760d,A,sonauto-v3-preview,elevenlabs-music-v1,0.8042572736740112,0.8666491508483887,B,False
d3d8c01e-04b9-4d42-84de-b634a80b6c70,A,lyria-3-pro-preview,lyria-3-30s,1.5344961881637573,1.1761844158172607,A,True
d3ebb451-f285-41d9-bba8-49122086c8d6,B,acestep-1.5-turbo-1.7b,lyria-3-pro-preview,1.3829556703567505,1.2585160732269287,A,False
d49e5a59-4136-4cbd-95e7-85981bcf4dc9,A,acestep-1.5-turbo-1.7b,sonauto-v2-2,1.5183287858963013,0.5439367890357971,A,True
d53ea55f-6d08-4ba5-91f6-01f55508e418,B,acestep-1.5-turbo-1.7b,sonauto-v2-2,1.4668464660644531,1.5965421199798584,B,True
d6c851e6-cb77-4b7d-ac0f-03c9bab3df57,B,sonauto-v2-2,magenta-rt-large,1.1624021530151367,-0.33988282084465027,A,False
d758b0fc-9119-4905-8ed2-1eedfee0fb46,B,elevenlabs-music-v1,magenta-rt-large,0.7926523089408875,0.6823009848594666,A,False
d781bb38-6eea-4886-893b-ba7dd7560f42,B,magenta-rt-large,musicgen-medium,-0.6630823016166687,0.3954745829105377,B,True
d80141a7-0c18-4a16-ac6e-3e32c014db50,A,sonauto-v3-preview,lyria-3-30s,0.201074481010437,0.34250587224960327,B,False
d97d89a8-2acd-42bd-9c2c-d4270c214a04,B,acestep-1.5-turbo-1.7b,lyria-3-30s,1.0920298099517822,1.0914807319641113,A,False
d9c61b85-88ed-41f2-a542-5b80ca4b042b,A,sonauto-v2-2,elevenlabs-music-v1,1.3336443901062012,0.2391291856765747,A,True
d9ee75c5-c33d-4ba6-820b-df4c721c77f7,B,elevenlabs-music-v1,acestep-1.5-turbo-1.7b,0.18292322754859924,1.0991320610046387,B,True
db44d5f8-7f98-4ed0-81c8-472ed3b03080,A,musicgen-medium,sonauto-v2-2,0.5493108034133911,1.1226228475570679,B,False
db7521fa-08bf-4ece-b535-1e2a841dfe4b,A,elevenlabs-music-v1,sonauto-v2-2,1.1844414472579956,1.0615241527557373,A,True
db99c1aa-ac01-4115-ae7b-53c15c57215d,A,acestep-1.5-turbo-1.7b,sonauto-v2-2,1.6746220588684082,0.8071342706680298,A,True
db9b3663-e1d6-4bb2-8136-f4c3e1ee8855,B,sonauto-v2-2,sonauto-v3-preview,0.9613811373710632,1.4816441535949707,B,True
dbe40e91-6ee7-4104-aa24-6679989857cd,B,acestep-1.5-turbo-1.7b,lyria-3-30s,2.4398558139801025,1.3589653968811035,A,False
dc251528-2a23-4884-b446-884f80fe88f3,B,sonauto-v2-2,sonauto-v3-preview,0.28723663091659546,0.2714477479457855,A,False
dc384efc-3fab-456e-b837-5b79515de45e,A,elevenlabs-music-v1,lyria-3-30s,0.4637494385242462,1.3989083766937256,B,False
dc7e1320-edf0-41c0-83a3-1bd6262365a4,A,sonauto-v2-2,elevenlabs-music-v1,0.9004496932029724,0.691785454750061,A,True
de217de9-c0c5-4238-849c-e5e009879f2e,A,sonauto-v3-preview,acestep-1.5-turbo-1.7b,0.473201185464859,1.0946972370147705,B,False
de5de237-5f20-41c6-96aa-79632a9c918f,B,sonauto-v2-2,lyria-3-30s,1.5785738229751587,0.7184962034225464,A,False
df1d8eb7-5966-43b0-b8b1-791c1041f171,B,elevenlabs-music-v1,sonauto-v3-preview,0.9851663112640381,1.4987294673919678,B,True
dfab2047-5ebf-466b-a101-1a3e09b1173e,A,sonauto-v2-2,elevenlabs-music-v1,1.4469929933547974,-0.5829331278800964,A,True
dfc709be-efa5-421f-b6f7-a6d14b452865,A,sonauto-v2-2,musicgen-medium,0.7998051643371582,-0.10631290823221207,A,True
dfd02593-a27a-49e7-9dc8-de0837e16c65,B,lyria-3-30s,sonauto-v2-2,1.4252264499664307,1.3438124656677246,A,False
e01bc27f-9bb8-4677-b31b-fbe8863160c9,A,lyria-3-30s,musicgen-medium,1.529006004333496,-0.5712172389030457,A,True
e0cd2ffb-be26-42a2-81a5-8d80254de81b,B,elevenlabs-music-v1,lyria-3-30s,0.7229220271110535,1.1120274066925049,B,True
e121dbbe-64e8-4edc-bd2e-b12926052b38,A,lyria-3-30s,elevenlabs-music-v1,0.6082733273506165,0.5119063258171082,A,True
e134a828-83e9-4442-abb4-b252cdfa7f5d,A,elevenlabs-music-v1,lyria-3-30s,0.6832793354988098,1.1479401588439941,B,False
e33d824d-a5a3-4c78-a9b4-761613d1a057,B,elevenlabs-music-v1,lyria-3-pro-preview,0.895973801612854,1.4531762599945068,B,True
e34c141a-03cc-4a92-9071-af9b8ea60d20,B,lyria-3-pro-preview,lyria-3-30s,1.7436994314193726,2.079770803451538,B,True
e399ce1c-3822-4d74-bb97-385f9e75eb3f,A,musicgen-medium,lyria-3-30s,-1.139251708984375,1.8072565793991089,B,False
e3ebe447-ba5a-46a2-a310-cb087f448317,B,elevenlabs-music-v1,lyria-3-30s,-0.8400309681892395,0.5393849611282349,B,True
e4477b69-23bd-4f1a-810d-27a560552763,B,elevenlabs-music-v1,sonauto-v3-preview,1.2493284940719604,2.369586706161499,B,True
e455fbfc-99bf-469f-bf4e-ebf055cb8d26,A,elevenlabs-music-v1,acestep-1.5-turbo-1.7b,0.5280135869979858,2.2398269176483154,B,False
e4612359-f060-42fe-9efe-a8b7a2274598,B,sonauto-v2-2,sonauto-v3-preview,0.5536614060401917,0.6507513523101807,B,True
e48fbd09-5bb2-462c-9e39-70544bc3271e,B,sonauto-v2-2,lyria-3-30s,1.6145265102386475,1.5332159996032715,A,False
e4acc40c-a556-4b25-9d05-4c26d6541470,A,acestep-1.5-turbo-1.7b,elevenlabs-music-v1,1.5613596439361572,0.9624513387680054,A,True
e4dddbab-4a54-415d-a70e-872d34e91e9c,B,sonauto-v2-2,lyria-3-pro-preview,1.4094070196151733,1.8141757249832153,B,True
e53436aa-1302-4e17-84c4-55b4c88035bf,B,magenta-rt-large,musicgen-medium,0.5731158256530762,-0.6142736077308655,A,False
e5446cc0-00d0-4490-ab52-0b7b40ee2980,A,sonauto-v2-2,elevenlabs-music-v1,0.3997049927711487,0.1426049768924713,A,True
e6457b25-9326-49c9-9f2c-b33b609bfa7e,A,lyria-3-30s,magenta-rt-large,0.39110639691352844,0.9933320879936218,B,False
e6c5b090-8051-4f2a-8efe-9efab5869c9b,B,sonauto-v2-2,sonauto-v3-preview,0.719523012638092,0.46096083521842957,A,False
e7eb8915-5dda-411f-842a-7b5cea82b389,A,acestep-1.5-turbo-1.7b,sonauto-v2-2,1.439765214920044,1.756584644317627,B,False
e83379a1-02f6-4a6f-a918-be72c8de0a66,B,acestep-1.5-turbo-1.7b,lyria-3-30s,1.1431821584701538,0.8546411395072937,A,False
e8553af3-ffc4-447e-9dc8-d62d28b1800b,B,magenta-rt-large,lyria-3-30s,0.8548516035079956,1.1978545188903809,B,True
e86be0ab-08e8-4696-bc5b-8a9ab588d636,B,lyria-3-30s,sonauto-v2-2,0.7493159174919128,0.6007805466651917,A,False
e8f4958a-1a46-4ead-a04a-500a5b7da883,A,sonauto-v2-2,acestep-1.5-turbo-1.7b,1.0806303024291992,0.4802815020084381,A,True
e93bfc11-fede-499e-9d09-67b59968e2e9,A,sonauto-v2-2,acestep-1.5-turbo-1.7b,0.3011627495288849,1.21306312084198,B,False
e9d07864-1880-4b60-9078-af55b472e8b7,A,magenta-rt-large,acestep-1.5-turbo-1.7b,0.7143436670303345,1.106753945350647,B,False
ea45aa03-4507-411e-9bbc-ed623366958d,B,lyria-3-30s,sonauto-v2-2,1.878130316734314,1.3421251773834229,A,False
ea64dc52-f198-458a-91e5-e5e7ae58262a,B,elevenlabs-music-v1,acestep-1.5-turbo-1.7b,0.6005675792694092,0.796542227268219,B,True
eaffd5ff-8630-431d-bfe4-1e6d9a74bc2d,B,sonauto-v2-2,magenta-rt-large,0.47086188197135925,1.5766595602035522,B,True
eba6cd6e-83eb-434b-bf3a-7eda34efe45d,B,elevenlabs-music-v1,lyria-3-30s,0.23091885447502136,1.1076329946517944,B,True
ebb5357f-11ac-4ed9-a683-2a4916fcbd2a,A,sonauto-v2-2,musicgen-medium,-0.4292220175266266,-0.9368577003479004,A,True
ec2f91c7-4736-4b5b-9947-677487da4bb6,B,musicgen-medium,lyria-3-30s,-1.5538290739059448,0.5272737741470337,B,True
ec7a8d90-25d6-44bf-8698-9cd5cfe7a288,A,lyria-3-30s,acestep-1.5-turbo-1.7b,1.4818905591964722,2.0254971981048584,B,False
ece9bc61-cf73-4bb2-b1b4-3c5f13ad8aa4,B,musicgen-medium,elevenlabs-music-v1,-0.37896326184272766,-1.0819789171218872,A,False
ed422d2f-eb3b-4178-abea-55a1d5bd0451,B,magenta-rt-large,sonauto-v3-preview,-0.13770264387130737,-0.6116734743118286,A,False
edf41c13-5a94-4a45-b3e6-475f20c2aa34,A,acestep-1.5-turbo-1.7b,sonauto-v2-2,-0.2280963659286499,0.15409155189990997,B,False
edfc79f4-2eda-4c11-aa59-2eee22056d8f,A,lyria-3-pro-preview,lyria-3-30s,1.7681759595870972,1.4230825901031494,A,True
ee27877a-0c1e-439f-a6f6-fc8174100bbe,A,elevenlabs-music-v1,sonauto-v2-2,0.28651151061058044,-0.6751699447631836,A,True
ef037933-0e7c-4321-9022-3103e04ad63e,A,sonauto-v2-2,lyria-3-30s,1.4068422317504883,1.8665335178375244,B,False
ef46f862-ae26-41cb-8781-b95fcf79ca5c,A,sonauto-v3-preview,elevenlabs-music-v1,1.8546711206436157,0.7750122547149658,A,True
ef6da3db-4e65-4ca6-af6e-15f94961c4df,A,lyria-3-30s,elevenlabs-music-v1,1.5517332553863525,1.0735822916030884,A,True
efa10a7a-4748-4a81-9436-29ee8130586f,B,acestep-1.5-turbo-1.7b,sonauto-v3-preview,-0.8985750079154968,1.377217411994934,B,True
efa1229d-03cb-47cf-a77d-0f4effacdd74,B,magenta-rt-large,elevenlabs-music-v1,0.5443313717842102,0.10146818310022354,A,False
f0a7c830-d07e-448b-981b-22912d930ea0,B,musicgen-medium,sonauto-v3-preview,0.006770491600036621,0.325984388589859,B,True
f1e16ce3-93f1-4b9b-a2f0-364e046e10c7,B,elevenlabs-music-v1,lyria-3-30s,0.7785620093345642,0.680329442024231,A,False
f28f0373-0b18-4619-9ed0-852ad1ea47ba,A,sonauto-v3-preview,sonauto-v2-2,1.4835407733917236,0.531036913394928,A,True
f2c2079c-2bb4-4478-b7ff-8d107af1849a,B,elevenlabs-music-v1,lyria-3-30s,0.3921678364276886,1.3644866943359375,B,True
f3a8d1a1-0d55-401d-8999-c1ce7f66d725,A,magenta-rt-large,sonauto-v2-2,-0.43162164092063904,-0.3262333273887634,B,False
f3ae1100-4081-4c0d-b56d-01b00b2ec217,A,elevenlabs-music-v1,acestep-1.5-turbo-1.7b,0.6141071319580078,0.6440556645393372,B,False
f3b7a2dc-9e39-4220-90d1-4eed840d820f,A,magenta-rt-large,sonauto-v3-preview,1.161927580833435,0.9695113301277161,A,True
f3e2da34-7065-4c37-b334-e12aa71f663a,B,musicgen-medium,acestep-1.5-turbo-1.7b,0.07632344961166382,1.3023731708526611,B,True
f40f6293-66af-4871-b8be-656466782368,A,lyria-3-30s,musicgen-medium,0.8963595032691956,-0.7024993300437927,A,True
f489fc89-43c1-4554-b779-94db6cfa2742,B,musicgen-medium,magenta-rt-large,-0.5414511561393738,0.6682527661323547,B,True
f4932e50-dad7-49e0-8643-92765246723e,A,elevenlabs-music-v1,acestep-1.5-turbo-1.7b,0.3134745657444,0.5902305245399475,B,False
f5685742-09c9-41ef-945a-22835d5093d6,B,lyria-3-30s,acestep-1.5-turbo-1.7b,1.210612177848816,1.9334619045257568,B,True
f587254c-f617-4646-873c-07c83c918004,A,sonauto-v2-2,elevenlabs-music-v1,1.20887291431427,0.17314660549163818,A,True
f5bb161a-ca88-44c8-bd2a-d71c75a7a02f,B,elevenlabs-music-v1,sonauto-v3-preview,1.2025210857391357,1.7413690090179443,B,True
f646aaa2-a9f6-44f5-8f2d-78c99ad709f7,B,acestep-1.5-turbo-1.7b,sonauto-v3-preview,0.3169851303100586,0.3019554018974304,A,False
f73045ad-f1c4-47a0-b348-1b93638a7f18,A,magenta-rt-large,elevenlabs-music-v1,0.47832372784614563,0.9261487126350403,B,False
f754b447-2a87-482d-bf5a-6198ff3bf3d1,B,sonauto-v3-preview,elevenlabs-music-v1,0.22430112957954407,0.13073459267616272,A,False
f77fff22-4483-4633-a9e6-c6c1ec6e216d,B,elevenlabs-music-v1,magenta-rt-large,-0.48336514830589294,0.6086689829826355,B,True
f7a4a4fe-e789-4a98-b6b5-bfa016d1b1aa,B,sonauto-v3-preview,acestep-1.5-turbo-1.7b,0.6468637585639954,0.6593197584152222,B,True
f7b34cc3-c733-40f9-9d34-1728c7a45657,A,lyria-3-30s,elevenlabs-music-v1,0.8218688368797302,0.7472519278526306,A,True
f810a6b2-90fc-41d1-92cf-77b8994bf515,B,lyria-3-30s,magenta-rt-large,0.25033700466156006,0.11523947864770889,A,False
f84fb3a3-bcf0-4553-9f9b-872a9505ff70,A,sonauto-v2-2,musicgen-medium,0.564609706401825,-0.43535682559013367,A,True
f864ba34-cd46-418d-adaf-148171101a81,A,sonauto-v3-preview,sonauto-v2-2,0.4929431974887848,0.5009136199951172,B,False
f940cc93-7766-4d9c-814b-ea3481fe24a0,B,musicgen-medium,lyria-3-pro-preview,0.676448404788971,1.0456476211547852,B,True
f95d8f76-088f-41e4-9cd8-62ff956d13bd,B,magenta-rt-large,acestep-1.5-turbo-1.7b,0.5919855833053589,0.4899454414844513,A,False
faa31d67-5608-463a-9db7-d82be767aa60,A,sonauto-v2-2,acestep-1.5-turbo-1.7b,0.9636868834495544,0.9217703342437744,A,True
fab5374a-3c4e-4625-b978-8e0eb3978b7d,B,magenta-rt-large,musicgen-medium,1.4362926483154297,0.2883002460002899,A,False
fb0b97a1-0616-4bfe-9f1e-81a88b2fc207,B,magenta-rt-large,sonauto-v3-preview,0.5470446944236755,0.18066713213920593,A,False
fb12ac00-bacd-4e95-a0a3-09e3334c9c23,A,musicgen-medium,elevenlabs-music-v1,0.9265261292457581,0.10945357382297516,A,True
fbc7130a-811e-4346-90bc-e73a6d5d0f75,B,sonauto-v2-2,sonauto-v3-preview,2.089952230453491,1.8146435022354126,A,False
fc7f0990-9096-4e38-936d-7e7abf49d7b5,B,magenta-rt-large,acestep-1.5-turbo-1.7b,0.6687236428260803,1.0681791305541992,B,True
fc9c0415-41e9-4421-97e1-72d2f225c26b,B,musicgen-medium,sonauto-v3-preview,0.3683466911315918,0.5152890682220459,B,True
fd81d2dc-6d71-484a-8f8b-593bcf757a9e,B,lyria-3-30s,sonauto-v3-preview,1.0895440578460693,1.6282734870910645,B,True
fda843a3-cf33-4695-ad3b-6c499b255c1a,A,acestep-1.5-turbo-1.7b,elevenlabs-music-v1,2.161625385284424,0.9523066878318787,A,True
fe6675a7-b59e-4b8f-8d5b-14f2fec3ccf3,B,magenta-rt-large,sonauto-v3-preview,0.5625019073486328,0.599073588848114,B,True
fe982014-75d5-4008-b97d-9f1d9b956c1e,A,sonauto-v3-preview,lyria-3-30s,0.8439652323722839,0.9924877882003784,B,False
fedee4ba-2fe8-4788-9a6f-fa0d60a7451a,B,sonauto-v3-preview,lyria-3-30s,0.8626364469528198,0.809715747833252,A,False
fef9ff1f-4503-4047-87b7-76326702a74d,A,lyria-3-pro-preview,elevenlabs-music-v1,1.6251716613769531,0.7799118757247925,A,True
ff5082b9-fa19-4f1a-9240-12d76185ba65,B,lyria-3-30s,elevenlabs-music-v1,1.1139247417449951,0.4341532588005066,A,False
ff9b8b66-5c86-4fa0-ab7c-b255ee0b0a1f,B,acestep-1.5-turbo-1.7b,musicgen-medium,1.0520734786987305,0.6742485165596008,A,False
ffa6ed9f-21a2-49b2-8ce5-896cfcb23799,A,lyria-3-30s,musicgen-medium,1.0355744361877441,-1.0505679845809937,A,True
ffce9bfe-43d1-4b71-834a-9f30effad524,B,magenta-rt-large,lyria-3-30s,1.5748544931411743,0.4894450604915619,A,False
